right_eyebrow_1,right_eyebrow_2,right_eyebrow_3,left_eyebrow_1,left_eyebrow_2,left_eyebrow_3,right_eye_1,right_eye_2,right_eye_3,left_eye_1,left_eye_2,left_eye_3,right_cheek_1,right_cheek_2,right_cheek_3,left_cheek_1,left_cheek_2,left_cheek_3,mouth_1,mouth_2,mouth_3,nose_1,nose_2,nose_3,jaw_1,jaw_2,jaw_3,label
#8d7776,#2c2028,,#a48c8b,#d3c1c1,,,,,,,,#dcb9ab,#e7cac3,#caa396,#eadad6,#c09a91,,#ca6774,#97313e,,#f1e2de,#a17b71,,#dfc4bb,#a9786f,,spring_bright
#b9a29f,#7c6261,,#b39d9a,#675455,,#3e3334,#ad9c9f,,#2f282c,#afa8ac,,#f3e1e1,#dfc7c7,#c8adaf,#f2dddc,#dec5c4,#c1a7a9,#b83e58,#ca8193,,#dcc8c7,#583b3b,,#dcc6c4,#835560,,spring_bright
#c1a7a0,#cdb5b0,,#96817d,#3b3230,,#50413f,#998681,,#5d4740,#9d857d,,#c0a89d,#ceb4ad,#6f615c,#edd8d6,#e5ccc9,#d4b6ad,#c5828a,#a55f64,,#bb9c8e,#e4d5cf,,#dac0b9,#9e726c,,spring_bright
#8a7781,#353255,,#ccb4b3,#9f8182,,#533841,#a3838d,,,,,#faeaec,#f1dddd,#e4c9c7,#edd3d7,#bdbfcb,,#ab475e,#db9eac,,#e8d4d2,#735555,,#e3d7d9,#a67477,,spring_bright
#75553b,#a58568,,#a9876d,#c9a990,,#bba394,#70574e,,#bca392,#493528,,#e2bca6,#58311f,#a67860,#d5ad93,#e0b9a0,#c29e85,#b46061,#d68687,,#e7c9b7,#bb9884,,#d2ad99,#603c2a,,spring_bright
#6e5955,#a6918c,,#523f3c,#806761,,#301d18,#5b3b2c,,#88685c,,,#d7beb7,#ceb2ab,#c4a89e,#d3b7ac,#c6aa9a,#b69888,#8f4641,#bd8d86,,#e2ccc3,#a98374,,#c3a599,#7f574d,,spring_bright
#a08170,#d9bdaa,,#8c6b56,#ceb09a,,#583f37,#cab4aa,,#423129,#c7b1a5,,#e8c8b6,#f1d7c8,#dcbaa5,#f0d6c5,#e8c5b3,#d8b29d,#b46059,#d2958b,,#d9b39d,#774f3a,,#e0bfab,#996859,,spring_bright
#b19175,#866547,,#9d7f65,#c7aa92,,#cab5aa,#493f35,,#a78d7f,#c2afa2,,#f7dcc8,#e4c3ad,,#f7dbc0,#ae8b71,,#c5776d,#e1a492,,#f3d3b8,#c29e82,,#efd1b8,#b38367,,spring_bright
#5a4139,#8f7264,,#735750,#a5897f,,#70504d,#271917,,#71504b,#3a2322,,#e7c6b8,#d8b19e,#c49983,#d9b29e,#c1967d,#a97d67,#a75a52,#cb9d93,,#e0c6b8,#b4826a,,#d0ad9a,#865849,,spring_bright
#7b6544,#6b5031,,#a58165,#c29f83,,#413022,#291a0e,,#574031,#191108,,#ad804f,#9d7248,,#8c6f51,#836141,,#7c3e30,#b26f5c,,#e2bda1,#946641,,#8f6a4a,#d5b497,,spring_bright
#d1b3a2,#987a68,,#a08574,#674737,,#9f8778,#4b362b,,#ae9689,#4c362d,,#f2d9cf,#e9d0c3,#e1c4b5,#d4b3a1,#e6c5b5,#efd3c6,#bd7470,#d5a89b,,#e8c6b3,#caa693,,#debead,#886055,,spring_bright
#ab928b,#6a5854,,#211d1d,#61504a,,#322e2d,#939394,,#302b2b,#8c8383,,#d4b3aa,#c19e93,#a17f73,#e6ccc3,#edd9d2,#d8b5ab,#794645,#cb8384,,#d1b2a8,#8a685d,,#dbbfb4,#906b61,,spring_bright
#2f1b1c,#75544d,,#c09787,#5b4038,,,,,#372122,#ba9b93,,#f1d8ce,#eccdc1,#e3bcae,#a38184,#ac8c8f,,#d28582,#99474d,,#e1b8ad,#69423d,,#e8c7bb,#b07f7b,,spring_bright
#967c70,#6f564b,,#896f64,#ac9185,,#312822,#837871,,,,,#dfc0b5,#d4b2a3,#bd9988,#c6a293,#8d6e63,#6e554b,#ab7269,#7a443d,,#d5b4a5,#896857,,#c9a696,#654c41,,fall_mute
#9f7253,#c19a78,,#855d45,#603b2c,,#5c4030,#b39f8e,,#4d3427,#867465,,#af8266,#a4775b,#986a52,#d5b392,#c9a384,#cfab8b,#a76b5b,#703c35,,#bd9476,#936952,,#c6a081,#845b46,,fall_mute
#a07764,#cda490,,,,,#bf9690,#5b3830,,#ac847a,#56332a,,#f6d5c9,#f1ccbc,#deb6aa,#f5d1c0,#d7b8ac,#a68994,#d89a93,#ab5d5b,,#e5bfb1,#8d665a,,#e8c4b5,#a47d74,,fall_mute
#6c5b5a,#b7a3a1,,#4a3d3f,#957f7e,,#ac989a,#423332,,#332727,#a79b9e,,#edd5d7,#e6cdce,#d1b5b5,#efdadc,#e1cbc5,#d0bab0,#cf98a1,#a75e69,,#dfc3c1,#b59590,,#dec6c3,#a48576,,fall_mute
#957f6e,#d2bcac,,#ab927d,#d6bda7,,#c7aea1,#d2b8aa,,#412b1f,#a49086,,#e7cbb5,#846a59,#42291d,#efd5be,#e7ceb7,#d8bea5,#965a4b,#c69485,,#d7b8a3,#714f3e,,#d6b8a3,#4f3529,,fall_mute
#8c6d5b,#c4a692,,#9f7b69,#c9a795,,#c4b0a6,#55443c,,#c7aca2,#5b4740,,#f9e7db,#f5d6c4,#e7c6b4,#fae5d5,#f7dfcd,#efd4c1,#e3a7a1,#c47875,,#edcab5,#87604e,,#edcfbd,#b08878,,fall_mute
#c1a48a,#624d3c,,#b69577,#dabda3,,#caac99,,,#583c2b,#bd9b87,,#f5dfc6,#f2d8be,#ebcdb1,#f2dbc1,#edcfb3,#e2c1a3,#b96d54,#ddb6a0,,#e0c1a6,#5b351f,,#e5c8ac,#93664c,,fall_mute
#61413b,#b6978d,,#c1a393,#91745f,,#a8837f,#36201b,,,,,#e7c4b8,#c9a598,,#f1d3cc,#55352d,#956f67,#c7868a,#8d484e,,#eac9bd,#ab8676,,#e4c5bb,#61433d,,fall_mute
#978076,#c3aba1,,#97807a,#c1aaa3,,#755c55,#cfb9b3,,#b59f9b,#513a35,,#dcc7c1,#ebd7d5,#c7b0a9,#e5cec8,#cdb7af,#8b7772,#aa817d,#c8a09b,,#dcc4ba,#bda59e,,#d0b8b1,#856d67,,fall_mute
#b6877e,#9b6358,,#d1aca5,#b88a7e,,#6d4446,#dccfd9,,#7c5454,#d9c7d2,,#eed8d5,#ecd5d2,#efdcdb,#e7cbc6,#b57b6e,#d2a89f,#bb3841,#e07c81,,#ead5d4,#ae786d,,#e1c5c0,#b07067,,fall_mute
#685655,#af9895,,#524546,#a18885,,#3c2e35,#9c8a8b,,,,,#ddc6c7,#c9afac,,#dfcccb,#d0b6b1,#b59b90,#ae616f,#cb949b,,#d2b7b3,#ae8d87,,#d4bbb7,#a08171,,fall_mute
#734f3f,#9c7a68,,#a8816f,#bb9985,,#92776b,#503c33,,#9c847a,#b59e95,,#d4bead,#542f24,,#af8977,#5d4036,,#a46a62,#592928,,#ccaf9c,#71483c,,#c2a490,#734c40,,fall_mute
#775440,#95745e,,#ba9781,#99735b,,#61483f,#876d69,,#8b746c,#63493e,,#e2c7b7,#ceab93,#b18b70,#dfc8b9,#d0b19c,#ba957d,#c49e9a,#9a6458,,#ead5cb,#b7917f,,#aa836e,#dabfb0,,fall_mute
#b08d74,#634937,,#7c5d45,#ad8b70,,#473126,#ac8e7f,,#38261c,#8a7870,,#efceb9,#e2b79c,#be9076,#ecc8b1,#f4d8c5,#e3baa1,#d08e7f,#a26250,,#e7c2a7,#a97e61,,#dbb49a,#6a4b36,,fall_mute
#6e5c61,#928187,,,,,#8f838b,#2d2025,,#7e7279,#2a1e21,,#c7b5bc,#7e6f75,#a9999d,#c3b1b8,#a39296,#635b63,#a46d7b,#794952,,#b9a8af,#948488,,#b7a4aa,#705d62,,fall_mute
#a1867b,#685448,,#a68d87,#c6b1ad,,#5d4137,#b09289,,#56423e,#ae9b9d,,#e3c5c0,#d1b3b1,#bea09b,#e7c5b7,#ddbaac,#d1b1a6,#b88586,#8c525a,,#e2c4bb,#c19f97,,#cdafa8,#8d716c,,fall_mute
#5b3c2e,#8f6c58,,#b1907b,#754e3a,,#1e1513,#645a56,,,,,#e7dbd0,#dfccbe,#d6bba9,#ccaf9a,#9e755f,#53352b,#ad6d5c,#5a2d24,,#d7c1b2,#734e3e,,#ccb2a0,#6d493a,,fall_mute
#6f534c,#b79b94,,#c5afab,#8b736d,,#583c36,#9c7e7c,,#654841,#b49b99,,#e5ccc6,#eedcda,#d3b7b1,#e9d3cf,#dec2bb,#d1b0a9,#d998a0,#b17175,,#d4bab5,#735249,,#dcc1bb,#a27e7a,,fall_mute
#57443e,#6e5c57,,#4f3e38,#65544d,,#342b26,#736663,,#342d2a,#6c625d,,#ac958c,#e0c7c3,#c6ada5,#e6ceca,#d3b9b3,#af958c,#b27478,#773e3f,,#84675b,#e7d5cf,,#cdb5ae,#907469,,fall_mute
#5f3e31,#8f6856,,#614035,#916c5d,,#1e1514,#7e6c69,,#221918,#69514f,,#dfbaa7,#321f19,#b9907a,#dfbba8,#b28974,,#b56459,#702924,,#d9b39e,#865d4e,,#caa38e,#412922,,fall_mute
#3d2426,#987575,,#be9a96,#573736,,,,,#d9cbcc,#392021,,#f6d5d1,#f1ccc5,#ddb5b1,#d4a7a5,#bd918f,#936563,#9e5a5a,#ce908f,,#e3b9b5,#9e6f6c,,#e8c2bc,#a87d7d,,fall_mute
#5f5252,#9d8b89,,#443a33,#8b716a,,,,,#50443d,#b3a3a3,,#d6bfb6,#c3a694,#ccb2a4,#e6dad8,#e2d3d0,#decac1,#c08d95,#945e61,,#d1b8ae,#65463f,,#dbc7bf,#b49487,,fall_mute
#b09792,#dac3be,,#7a6157,#a88f86,,#ae9695,#3d2b2b,,#92817c,#473732,,#e2cac2,#ae978d,,#ecd3d1,#e2c7c3,#d5b7af,#d49d9d,#ae7273,,#d9c1b9,#b69c93,,#d9beb6,#856055,,fall_mute
#563d2e,#715645,,#573a29,#745744,,#755c52,#412e27,,#846759,#63493d,,#f7ddc1,#efcda7,#e3b98c,#a27857,#b28a6a,#c4a07e,#d6a88e,#9b6851,,#eed0af,#bf9673,,#e1bb95,#956f53,,fall_mute
#392d27,#68574f,,#66514a,#9b8a82,,#756660,#312a26,,#968782,#392e2b,,#ddd1ca,#d3c4ba,#e4dad4,#b6a097,#90766d,#60473f,#57352f,#a67e75,,#d8ccc3,#604a41,,#cab9af,#785d54,,fall_mute
#643632,#9b6964,,#b89789,#dfc3b7,,,,,#5d4038,#756160,,#f4d8cc,#e4cbbf,#f9e3de,#ead0c3,#d2b8ab,#b3978b,#c9908c,#e8bbb7,,#e9cdc1,#cfafa2,,#efd2c6,#c7a599,,fall_mute
#cdb1a6,#b2968d,,#442f21,#9d8577,,#332923,#908482,,#a89182,#221c16,,#d3b7b1,#a2857a,,#d5baad,#ddc4ba,#e4d0ca,#c89592,#a36c69,,#d7b9b2,#a68177,,#d5bcb0,#a08276,,fall_mute
#60443d,#a9877f,,#553b38,#a4847d,,#52332f,#c2a4a4,,#342528,#816a6c,,#d2b0af,#c09896,#e5ccca,#ecd4cf,#e2c3b9,#d6b1a5,#b6787c,#6c393e,,#d6b1a8,#7d4844,,#dec1bd,#aa7a76,,fall_mute
#4c3430,#725855,,#6c4f4d,#967774,,#493336,#9b888a,,#91797b,#3e2c2c,,#f3d1cc,#f8dcda,#e8c4bf,#eccbca,#d0adad,#e2bdbc,#c87d84,#974c53,,#f2d7d7,#bb9b98,,#e6c6c2,#967170,,fall_mute
,,,#8c756c,#c8b1a5,,,,,,,,#efd8c2,#f4e4d4,#ddc0a9,#e0c6b2,#805f5a,,#d49b97,#784846,,#e9d3c4,#65463b,,#e9d2bf,#87675e,,fall_mute
#886364,#3e2f31,,#8e6a69,#412725,,#a98588,#3a2321,,#402624,#947373,,#e2b5b6,#ecc6ca,#f6d7df,#e1bbbd,#27110d,#784b45,#cd8993,#9f595d,,#f0d2d6,#a76d69,,#d2a3a3,#532f2a,,fall_mute
,,,#987266,#c0998c,,#b49796,#3e2627,,#a88884,#63433d,,#eecabd,#d5b1a2,#b18b7b,#f2d0c9,#c39e93,#e1bdb1,#b35857,#ca827f,,#debaaf,#b4897b,,#dfbbaf,#9e6f66,,fall_mute
#b68563,#deb28f,,#583f32,#aa7a5a,,#9e6e58,#643c27,,#895d46,#4a2919,,#f2b68b,#f4bb92,#eeb086,#f6ceaa,#f3bf92,#e9ad7f,#d89a7c,#efb296,,#f1bf98,#dba57b,,#ebb68d,#91654c,,fall_mute
#8e7967,#594533,,#9e8a7b,#cebfb4,,#282220,#a6a1a0,,#3b322f,#c4c4c6,,#f7ddd1,#fae5dc,#f2d4c4,#e1ccc1,#d3bfb3,#c4aea1,#d28a84,#9c5046,,#f2dacb,#baa294,,#ecd4c7,#9c7568,,fall_mute
#c4a492,#906e5b,,#ae8c7b,#d7b7a5,,#5b4134,#766158,,#4e392f,#aa928b,,#eacab8,#f3d3c4,#e6c4b1,#f0d2c4,#eacab9,#e0bfac,#cb948c,#552a22,,#efd2c1,#cba897,,#e5c5b3,#b48475,,fall_mute
#302a28,#7a695f,,#221c1b,#6e5d57,,#afa096,#52463e,,#9b857e,#604841,,#cab5a9,#be9f8f,#aa8672,#cbbaac,#b5b5b0,#beb7ad,#ba8984,#925557,,#bea090,#7a564a,,#c0a798,#8b6755,,fall_mute
#c3a7a1,#745c59,,#533a39,#b4968f,,#c0978e,#c4a199,,#372625,#ad8d8d,,#f4d1c2,#f9e2d8,#e5bfb4,#fae7da,#f6d8c9,#e6c4b5,#dd9b9f,#ae5e65,,#eec9bf,#b78980,,#edcdc2,#b68d89,,fall_mute
#836b62,#382b27,,#5e4639,#856958,,#2c201d,#8f898a,,,,,#bda49d,#b8a094,#af978b,#c1aaa1,#ae9382,#886b58,#9a5a54,#7c3129,,#b79d93,#8a6451,,#b29789,#785343,,fall_mute
#453d2e,#695d41,,#4a3c2d,#706048,,#2c2c2b,#5c5852,,#313133,#807a77,,#d2b7a6,#e4cdc4,#a38b6f,#b49f87,#e6d5ca,#cfb8a7,#b78583,#815147,,#ece2d5,#9b8465,,#ccb6a4,#644f39,,fall_mute
#453832,#816b61,,#201816,#5e4c45,,#b3a5a0,#6f5a4f,,#ada29d,#685347,,#ceb3a2,#ac8973,#c19d89,#d3c2b7,#d3beb2,#ceb6a7,#ba807e,#955657,,#c8aa9c,#81594e,,#caac9c,#9d7565,,fall_mute
#4d3127,#8e685b,,#8b655b,#472a22,,#482a21,#ad847a,,#5f3e35,#916a61,,#eecdc3,#582f22,#ad7b6e,#e6c0b3,#f0cec0,#c19c8f,#dea4a3,#bf7271,,#eccabf,#ab7b72,,#d8afa4,#764b3e,,fall_mute
#b59a95,#69504e,,#543b3a,#a88a85,,#a28482,#3c2b2c,,#ab8681,#714f4d,,#f9e4d9,#f7d6c8,#eec8bb,#f4d2c4,#e4c1b2,#f9e3d5,#c5797d,#eed0cd,,#f4d4c8,#d4a79d,,#efcfc2,#c09089,,fall_mute
#786669,#312325,,#776465,#a99495,,#291a1b,#806e73,,,,,#f5dede,#e8cdcc,#d1b4b2,#dabebe,#bba09e,#685756,#d498a2,#a5646f,,#f1dedd,#a18282,,#d1b6b5,#675151,,fall_mute
#64473f,#a98a7f,,#513933,#9c8077,,#492e26,#bb9692,,#36201c,#987875,,#ceb0a4,#d3b7ac,#c8a89b,#eed8cf,#e3c9be,#d7bcae,#89413c,#c18480,,#d4b4a8,#6d3f37,,#d9bbae,#9e6a5f,,fall_mute
#aa928a,#5d4944,,#cebab2,#8b746b,,#403b3f,#d4bbb2,,#363032,#8f807d,,#f3e0db,#ddc2ba,#73524b,#eed4ce,#eacdc6,#f0d9d4,#db96a0,#a7575c,,#eed9d2,#ab8174,,#e3c6bf,#75504b,,fall_mute
#6c4f49,#917670,,#57392f,#775f5a,,#573e3c,#e1cfcd,,#452b27,#a2837e,,#e9cac5,#6b5654,#b89c94,#e9c9c6,#dbbab7,#be9d99,#cf8c8f,#ad575b,,#dfc0bc,#b18f8a,,#d7b7b2,#6f524e,,fall_mute
#785753,#c19e9a,,#775148,#bd9588,,#4c3334,#b79691,,#442e2c,#b99e9d,,#e6b1a5,#f0beb4,#daa597,#e2b3b4,#eec2c3,#c49c9f,#a95250,#d18783,,#dbaba1,#825b53,,#d6a69e,#663f3d,,fall_mute
#5f3f35,#7f5e51,,#664b42,#3a2d27,,#42312b,#58453d,,#41322e,#705752,,#ba9d98,#c3a39d,#b39994,#c0a29a,#b89d96,#b09691,#935357,#ae837f,,#bdaaa9,#a6867b,,#b69a91,#75544e,,fall_mute
#725f7a,#b39eb3,,#c9b9c2,#7f6e77,,#a596a7,#7a6a7a,,#6d5565,#b49dae,,#ecd3db,#d8bfc9,#a2868f,#e4bfd8,#d5a5d3,,#c599ae,#634154,,#e8d4de,#9d8191,,#dbbecc,#987a87,,fall_mute
#bdaaa0,#77635b,,#af9f97,#786660,,#8f8b91,#463e43,,#4a4348,#938f94,,#c7afa7,#d5bcb9,#e1d0d3,#e2cbc6,#ebd8d3,#d0b6b3,#be8688,#8d5555,,#eadbd7,#987a71,,#d6c1b8,#a3827c,,fall_mute
#8c6869,#b7989b,,#755556,#9e7f83,,#948c9b,#39292f,,,,,#dbbdc8,#caabb3,#b6929b,#ddbfc3,#d5b7b8,#eac9d3,#b57083,#6b333c,,#d0b2bb,#906364,,#d1b3b9,#977074,,fall_mute
#633c33,#7d5247,,#5d3f36,#7d5d52,,#3d2828,#553830,,,,,#bca5a3,#c2a59c,#b49a91,#c5aa9d,#cfb6b2,#998279,#b68a84,#7f484b,,#c9b3ad,#9f7c6d,,#bea297,#62413c,,fall_mute
#6f5747,#a38979,,#927765,#b59a88,,#4b4037,#b1a093,,#bca99e,#554945,,#e9c3ac,#ddb5a2,#cda491,#e8c2ad,#dfb7a2,#c9a592,#c89583,#9c6653,,#ebc8b6,#c8a28b,,#d1ac96,#634a3c,,fall_mute
#9b7965,#583724,,#3f2210,#7c593c,,#ad8370,#2d1410,,#3d1c0f,#a27e70,,#e6c2ad,#c5997d,#a47656,#f4d0ba,#f0c9b1,#ebc4aa,#c67e73,#7d3f3a,,#d3a58e,#683b2f,,#dab39d,#8e5f43,,fall_mute
#624840,#43312e,,#54423d,#715851,,#272625,#594b46,,#2e2d2f,#6c5d5a,,#bc9991,#b38e83,#a88174,#9c6f5e,#946a58,#89614f,#905d58,#73433d,,#b9978e,#8c685a,,#a78376,#745146,,fall_mute
#866c5c,#c0a390,,#5b483c,#a69083,,#bfada9,#44352e,,#b3a39b,#463831,,#dfc3b3,#d1b5a3,,#e9c5af,#e0bba4,#d1a88c,#a6655e,#c68d83,,#dfc3b4,#ba937e,,#d9b7a0,#8b6452,,fall_mute
#231e1f,#2e2626,,#7b5f51,#a58777,,#2d221f,#594c48,,#413834,#877a72,,#c5a690,#a7806b,#b9937e,#8d6e5c,#7c6253,#6d5546,#8b5751,#61322f,,#bc9885,#8e6c5b,,#b08d79,#725548,,fall_mute
#896d64,#c5aaa1,,#705246,#b3988b,,,,,#402922,#81615c,,#f8e2d6,#f2d6ca,#d9b5a6,#fae8de,#e0c6bb,#f2dbd2,#d298a0,#7d4645,,#e4c8bd,#9d786d,,#e4cac0,#9c776f,,fall_mute
,,,#a2989c,#62515b,,#977b80,#c6b3b7,,#b2aebb,#595260,,#e7d6de,#6d5069,,#f7edee,#c5aeaf,,#d2aab5,#7e6271,,#eadde3,#b4979f,,#e2d0d3,#725b61,,fall_mute
#723f3d,#ad7d78,,#522826,#9a716b,,#856d6a,#47272e,,#603c3c,#c7babb,,#f6dacf,#f9e6e0,#efc5b9,#f5d1c4,#f7dacc,#f4c9be,#d88f90,#a24f52,,#f0cfc4,#b37973,,#f1cdc3,#bd7372,,fall_mute
#574131,#8e7363,,#4d3825,#6d5444,,,,,#7d5f57,#563c35,,#c5ab9d,#d4c0b2,#9a897b,#c5a69b,#522c1f,,#ae7571,#935252,,#c3a79c,#6a473c,,#c8ad9e,#996a63,,fall_mute
#bc9585,#a98172,,#d5b2a1,#b28979,,#c1978f,#8e6862,,#af8177,#6d4b42,,#f4dcd3,#f1d1c4,#eac6b7,#eacec5,#ddbbb3,#ae8687,#b76a6a,#e9b0aa,,#edcec5,#a36f68,,#eacbbf,#bd8d87,,fall_mute
,,,#a8928a,#c9b7ae,,,,,,,,#d6c5be,#bea79a,,#c7b1aa,#ac968c,,#9f686a,#c2979b,,#c9b4aa,#836759,,#c7b1aa,#876860,,fall_mute
#46292a,#816463,,#271923,#4e3436,,#3a1f1b,#5d4440,,#351e26,#76575a,,#c49d8c,#b59180,#a38274,#d7afa1,#c9a191,#b6907f,#a2706e,#703e3f,,#b38f80,#613b32,,#b99385,#70504e,,fall_mute
#382220,#55382d,,#634233,#926d55,,,,,,,,#b38d6d,#a78164,#865d45,#b38a6b,#6b3b24,,#784133,#b38163,,#a97e62,#572e20,,#ad8566,#81533e,,fall_mute
#957460,#140d0c,,#b7876f,#875a43,,#3f2d31,#958586,,#3b2b2f,#c4b0b1,,#e8b087,#da9c6f,#c3845c,#e8b28a,#dca175,#c78960,#ab6951,#c78169,,#c7885b,#db9f77,,#ce9571,#68483b,,fall_mute
#2f2119,#5a4539,,#62483a,#8c7063,,#271c18,#645853,,#85706d,#2b1d17,,#c3aba1,#bca197,#b5998a,#a08473,#755d50,#413228,#985656,#572925,,#bca396,#6e5244,,#b29688,#674d40,,fall_mute
#63514d,#95827c,,#413231,#7f6b66,,#b39a97,#4e3f3f,,#937c79,#3d3234,,#f3d6c4,#ccae9e,#e1c1ae,#f1d4c3,#e5c6b4,#d1b3a2,#cf9090,#7f4443,,#f2dacd,#967061,,#dfc1b1,#947167,,fall_mute
#23160c,#2f1c14,,#2f231b,#1e130b,,,,,,,,#7a563f,#805a43,#89634e,#b1876d,#88604a,,#8b5e51,#623b2e,,#7d5843,#c0997e,,#77533f,#a77f65,,fall_mute
#4e4144,#756464,,#453e41,#7c6c6b,,#524447,#6c5a5e,,#79787d,#e5e3e7,,#bda6a4,#9c8381,,#dec5c3,#bfa19c,#d2b6b2,#af8a90,#855863,,#b7a1a1,#937977,,#d2b9b5,#9f8381,,fall_mute
#1f1c1f,#5c5150,,#736565,#372727,,#271c19,#7f6e6c,,#321e1d,#89706d,,#e3c2b8,#d8b8ab,#c29d8f,#bfab9e,#ccb4aa,#7c6e63,#b07374,#7d4242,,#e0c3b7,#9c7a72,,#c7aa9c,#7a5851,,fall_mute
#6f492f,#976e52,,#603e2a,#392212,,#c49578,#7e5b47,,#ba9784,#a88b77,,#d4a686,#c19270,#a87b5b,#f9e4cf,#f7dbc6,#f0cdb5,#d49078,#9a5741,,#dab192,#9e7154,,#eecfb3,#a37355,,fall_mute
#4c3227,#6e5651,,#42312e,#281714,,#a78a89,#492f2e,,#927976,#2f1615,,#c1a89d,#81655b,,#d7bdb3,#cbb3a9,#b69c94,#a57779,#7a494c,,#cdb3aa,#95766d,,#cdb2a9,#957873,,fall_mute
#5e4641,#2b1f19,,#2a1c14,#695146,,,,,#2a1f1b,#a28d84,,#ead0b0,#eed5b5,#e4c9ae,#ceaea6,#be9f98,#a07d72,#bd8e83,#8e5750,,#e2c3ad,#97705f,,#d9bca4,#846254,,fall_mute
#292018,#725f56,,#3b2f29,#685951,,#30211a,#856d65,,#907970,#30211b,,#dac7c1,#d0b9b0,#bda498,#d6bfb4,#cfb8a9,#c5ad99,#af7070,#7d3b37,,#dccac1,#906e60,,#c8b1a5,#876455,,fall_mute
#28241e,#5f534a,,#bca291,#8f7161,,#0e1212,#676f6e,,#272a2b,#aaafb1,,#d4bdb0,#ceb6a3,#c3a792,#b79986,#927764,,#bc7f75,#774841,,#cfb7a7,#957767,,#c8ae9d,#755b4f,,fall_mute
#40342d,#7a6a5f,,#251f1a,#65544b,,#87746f,#2d2426,,#37322f,#9a8a83,,#eddcd6,#e6d4cb,#ddc7bc,#e9d4cc,#dac1b8,#c3a9a2,#d1918f,#9d5050,,#dcc4ba,#805f54,,#e0cbc0,#b4948d,,fall_mute
#3d2121,#896c6a,,#452828,#926e72,,,,,#372227,#7b5b5f,,#f0d4d0,#d5b0ab,#b69393,#f5dcd6,#e7cac3,#d4b6aa,#cfa6a9,#7e5153,,#eed3d1,#986c6c,,#d8b9b2,#906d63,,fall_mute
#655056,#91777d,,#8c788b,#c3a6b5,,#523d43,#ba9fae,,#49323a,#a38393,,#e9c8d0,#efd4dc,,#d4b0b3,#a77d6e,#c09c97,#9e5c68,#d296aa,,#dfb9bf,#845756,,#dfb7bd,#aa7f7a,,winter_bright
#cea695,#876151,,#503a36,#f4f4f4,,#c79187,#5c312a,,#d79987,,,#e7b5a0,#b17562,,#e1a88f,#cf9880,#f4c9b7,#d7897b,#9d4d41,,#e0ac99,#ad7159,,#dfa892,#895749,,winter_bright
#b1968f,#705650,,#7b6354,#bfa791,,#b0918f,#4c322e,,#a1867b,#3c241d,,#eacdbd,#e4bfaa,#f4d9cd,#e3bfb2,#c8a08e,#b28672,#c38887,#7d3c3d,,#ac7f73,#f8e4dc,,#d8b5a5,#ac8270,,winter_bright
#453b41,#a78a84,,#474147,#958586,,,,,#ab8886,#3b2222,,#eec6bb,#d7b2a8,#f7dcdc,#e4b6ab,#c9998c,,#d49394,#a86064,,#e0b19f,#95685a,,#e1b8ad,#7b5855,,winter_bright
#604c4f,#90797a,,#af908e,#d1b7b8,,#968790,#4e3e47,,#443e4b,#a6939f,,#efd5d7,#e9cbcb,#e3bfb9,#d3b3b6,#ccacae,#c0a0a3,#d189a5,#a8617c,,#e1c5c5,#a58080,,#dfc2c1,#a37d7f,,winter_bright
#755243,#9a786c,,#7f5b4d,#a18074,,#2d2427,#8d7f84,,#292123,#8c7c81,,#d9bdba,#d1b2ac,#c1a299,#cbaba8,#d8bbbb,#ba9790,#af7483,#733c41,,#cab0a8,#76544d,,#bea097,#724f44,,winter_bright
#a78a8e,#cfb8bf,,#a7919e,#665461,,#393445,#71778d,,#443f4e,#828499,,#e5ccd7,#ecdbe4,#dbbcc6,#f3e2e9,#f1dce2,#eed2d9,#cc8bb1,#d9bfd6,,#ead6de,#d3abb5,,#e3c9d3,#7b5759,,winter_bright
#665d64,#988b8c,,#6e6468,#a39596,,#464149,#857b82,,#504a51,#8c838b,,#d8c0bb,#e4d1d1,#bea7a2,#d8bfba,#c5aca5,#ab9693,#b97e87,#7a484e,,#d4beb5,#7d6661,,#c5afaa,#736164,,winter_bright
#614440,#917272,,#402e21,#5a493a,,#492c23,#7d5c58,,#372115,#5d4738,,#8c6b5a,#8c6f5d,#8a6855,#c39f9d,#aa837f,#b7928f,#673e36,#9a6b6a,,#8f6d61,#ae8e86,,#bc9896,#7a5c4e,,winter_bright
#7d6254,#bfa397,,#392a20,#6f594b,,#997b6f,#311c15,,#503b34,#1e0d08,,#d2ac9d,#bf9c8c,#9c7c6b,#e0c1b6,#d5b0a2,#c29c8b,#583128,#a87b74,,#d8bab1,#5e3f31,,#c9a596,#7b5d4d,,winter_bright
#6a5242,#b29887,,#524539,#b8a99b,,#aa8c7b,#4d3121,,#decdc1,,,#a88e7c,#f8e8db,,#f6e5d5,#ecd4bf,#ddbea4,#664b3d,#c9ac9d,,#d8c3b5,#5a3d2e,,#dcc1ab,#735a4a,,winter_bright
#877067,#c8b0a2,,#a29088,#322522,,#bbafa9,#3b312d,,#c1b5af,#594741,,#f9e1d9,#f4d6d0,#e9c6bc,#f8dcd2,#ecc8c0,#d0ada6,#d98289,#ae4652,,#e2c3b6,#7e5a4c,,#e5c8bc,#966d67,,winter_bright
#4b3c3a,#8e7c74,,#493936,#79655e,,#2c2123,#786c6d,,#342527,#867979,,#c0a79e,#b3968a,#a07e75,#ccb2a6,#4c3733,#b89d90,#c2868a,#85464b,,#c9aca2,#98746e,,#bea194,#5e443f,,winter_bright
#775d5c,#a98e8e,,#6a4f4e,#a08079,,#321f26,#9d8890,,#342027,#a08786,,#f4d9cf,#c6a19a,#906b67,#efdedd,#d6b3ae,#be8e89,#d38a98,#873c48,,#f6ded3,#9b695d,,#e0beb7,#633d45,,winter_bright
#30292c,#68585b,,#50464c,#86787b,,#252025,#797684,,#141011,#1a1215,,#ac908f,#b49997,#9b8080,#977d7d,#7d6567,#5d4847,#7b4761,#58293f,,#a38888,#60454a,,#9b8281,#5e4348,,winter_bright
#886f6f,#b49d9b,,#998283,#2a2127,,#32252c,#857881,,#3b2c31,#9c8890,,#fbf1eb,#f9e6df,#f4dad2,#f7e1db,#e4c6c5,#bfa3a6,#753f4f,#cd899c,,#8f6664,#f4e0d4,,#e3c9c2,#88676b,,winter_bright
#766e6d,#2e2726,,#55483b,#807264,,#736a67,#372e2b,,#382f2c,#73665d,,#b4a295,#b29d8f,#ae9687,#b5a7a4,#a18b84,#b09a93,#9a7976,#845f5c,,#b5a695,#9c8878,,#a28f83,#493c37,,summer_mute
#5a4643,#957d78,,#775f5b,#a58b86,,,,,#161115,#514243,,#e1c2bd,#dbb7b1,#cfadae,#d0b1ad,#a17e7a,,#b8737a,#93454f,,#ceb3ab,#896c65,,#bd9c98,#3e2c2c,,summer_mute
#514136,#2d1f1a,,,,,#a6897e,#74594b,,#c8afaa,#3e2f2b,,#ebd7d1,#d6bdb0,#b89a89,#e1c7c2,#806052,,#d5a3a5,#a56e6c,,#e2c9c4,#9c8075,,#e3cac3,#9e7e72,,summer_mute
#342b27,,,#9e8d7f,#655348,,,,,,,,#c5b19f,#9f8873,#664f3d,#c7b59e,#9a836d,,#9f7c73,#725049,,#d5c6b1,#99816d,,#bda995,#705a4b,,summer_mute
#b28d7f,#bf9a8c,,#715951,#312f31,,#6e5048,#977b72,,#7e6361,#584846,,#c18f79,#946956,#483733,#d5a38b,#cf9e86,#c5987f,#814a3d,#b37769,,#c79a86,#7d5341,,#ba8c79,#352522,,summer_mute
#483f3c,#9f8f89,,#594a49,#907e7b,,,,,,,,#dfd2cf,#d7c7c1,#c5b0a9,#d7c6c0,#9d8882,#bba7a2,#ba9aa2,#83666b,,#d5c5c0,#a48f8a,,#d2c3be,#947c79,,summer_mute
#937770,#2e2223,,#7b605b,#a1837c,,#302327,#544345,,#33282d,#5a484b,,#efd4cf,#e9ccc3,#e3c2b9,#dcb7b0,#282022,#7b5d5b,#be7473,#8e4b4c,,#e7cec5,#ab837a,,#cca79f,#443231,,summer_mute
#836e64,#c4b2a8,,#938174,#1a120d,,#806c63,#a8938a,,#79645b,#937c73,,#d9c4ba,#c2ada1,#9b8981,#dbc8be,#e5d3c8,#cab7aa,#a4867a,#bd9e95,,#d0baaa,#b49e8d,,#c1aa9f,#574742,,summer_mute
#765955,#bc9f97,,#5e4257,#9b7a8e,,#3c2a2a,#9b7e7b,,#886b79,#2f1f27,,#e2c5ba,#d2b0b0,#be9abb,#eed0c4,#e2c1b3,#d3b0a5,#824959,#c79299,,#d7bab7,#926d77,,#d3b1ac,#97759a,,summer_mute
#6d5f56,#96847b,,#625651,#887a72,,#423a35,#716460,,#746761,#8e8177,,#c6b2b0,#b49c9a,#9c827e,#ccb9b4,#c4aea6,#d4c2bf,#b68a88,#955d5b,,#c6b4a9,#ac9287,,#bca79f,#5b4844,,summer_mute
#c4afa9,#8d7772,,#5f4a3f,#88716a,,#9a827e,#47302d,,#4e372f,#ac9492,,#906e5a,#b28c80,#d9b7af,#f4e7e0,#d5bcb3,#e7d2c8,#c7a1a4,#6b413b,,#7e5c54,#d6bdb5,,#8b6a5c,#e2ccc5,,summer_mute
#4e403e,#bea8a4,,#514545,#9b8585,,#755c59,#a58b8a,,#886e6b,#432f2b,,#e3cfc7,#d7bdb4,#c8aba2,#d1b6ac,#c0a096,#ac8a80,#c19393,#9a6566,,#dfc9c4,#7f5a53,,#d0b6ad,#987871,,summer_mute
#8e7574,#aa9192,,#a79190,#c2aaa8,,,,,#543e3f,#8c7272,,#d3b6b0,#e5c5c5,#af918e,#dbbebe,#cbadad,,#ba8a91,#96676d,,#d7b8b9,#9e7c7e,,#d3b5b2,#a2807e,,summer_mute
#725e5f,#3d2d2c,,#957a79,#c0a6ab,,#21151a,#7d666c,,#61494e,#b8a0aa,,#eccac4,#c3a299,#634539,#e5bcb3,#c8a19d,#9d8080,#6c3f40,#c98d8b,,#eccfcd,#6c4844,,#ceada7,#503733,,summer_mute
#a28074,#251d17,,#b49688,#907063,,#a68e87,#3b261f,,#ab9187,#443028,,#e0c1b7,#b99184,#956f5f,#d4b7ad,#e1c4b9,#e9d1c5,#c28584,#683430,,#e9d3ca,#7e5a4c,,#d0b1a5,#6a4a3f,,summer_mute
#342327,#6f5657,,#433434,#93756f,,#835f5d,#896764,,#9a797b,#917070,,#e3bead,#d2ac99,#c4a08a,#caa093,#b79084,#a5766f,#ae7575,#834a4c,,#dab4a1,#9c6860,,#cda796,#99766c,,summer_mute
,,,#281e1e,#493d3a,,#3d3e43,#acaeb9,,#423b3f,#afaeba,,#977059,#d2c5c6,#b5988f,#e2e1e8,#dedae0,#d9d1d6,#c794a9,#875563,,#d0c0bf,#947167,,#d0c3c4,#876759,,summer_mute
#aaa8a3,#706d70,,#343d45,#676667,,#333b46,#89888c,,#26333e,#4a5e69,,#aca3a2,#b7aeae,#978e8e,#cfc6be,#c5bab4,#dad2c9,#82636d,#a48b93,,#b9b0ab,#897e7a,,#bfb6af,#756d70,,summer_mute
#513d37,#947c73,,#6b5454,#a88e90,,,,,#1f1716,#68585e,,#b6939a,#dec0bf,#96748d,#edd1cb,#dabdb2,#9a7a6f,#aa7578,#633531,,#ceb1b0,#70514c,,#cbacaa,#856576,,summer_mute
#5e4b42,#8d776c,,#7b6459,#a38c80,,#3d322e,#8d7f7c,,#403532,#93847f,,#e1c7bd,#b19990,#564238,#c1a59c,#c9ada4,#cfb3ab,#c18180,#934d4b,,#eddcd7,#a5897d,,#c8aea4,#624b42,,summer_mute
#605057,#9d8586,,#977a70,#473435,,#7b5b5a,#af908f,,#714d45,#cfa7a1,,#f2c5b0,#bd9e90,#dfb69f,#f4d9cd,#f8e3dd,#f6eaef,#dba6a5,#b57570,,#eac6bc,#b78f83,,#eecec7,#ad8a7f,,summer_mute
#735748,#b89d8d,,#a18c7e,#554338,,#ab958d,#422924,,#382924,#8f7d73,,#cdb5a2,#d8beaa,#b49986,#d6bdaa,#cfb19a,#dac5b5,#af8378,#73433d,,#c9ae9b,#735543,,#c9ae99,#835e50,,summer_mute
#55423a,#766156,,#7b655b,#aa9489,,#312928,#726462,,#3d3030,#88736d,,#dabead,#e7d0c0,#d0b19f,#ab897b,#ab8d7e,#a58575,#83534a,#c4948b,,#e3cdbd,#a78473,,#987a6d,#dbc2b2,,summer_mute
#957560,#bea18a,,#a2826e,#caab98,,#3c322b,#977f74,,#9a8176,#392c27,,#ecdacf,#e4ccbb,#d7b7a3,#e8d1c2,#dfc2af,#ccaa94,#be8473,#915442,,#dfc7b5,#8d6956,,#dabfad,#9c7662,,summer_mute
#8a6f64,#9e7f74,,#9e837c,#684b42,,#816961,#65524a,,#967a6f,,,#b9958a,#cca99e,#98756a,#b39688,#c6a797,#a08273,#855753,#ab7976,,#d4b4aa,#8c6960,,#b59489,#634840,,summer_mute
#9f897b,#bda89d,,#948279,#b8a79d,,#9b8984,#54433e,,#4c3d36,#978985,,#c7afa3,#cab4aa,#c0a89e,#cbb1a3,#d9beaf,#e3ccbc,#b58982,#99645f,,#c3ac9f,#977c6f,,#cab3a4,#a28276,,summer_mute
#3b2521,#1d0e0a,,#1c0d0a,#37241e,,#b29087,#3e2723,,#9c6c61,#b79287,,#e9c7b4,#dfb8a3,#c2967c,#e6c8b6,#edd0bf,#f3dcd1,#d08384,#733833,,#dfb9a8,#835340,,#e1beac,#9f7360,,summer_mute
#674234,#be9786,,#653f30,#c19987,,#3c211d,#936e65,,#3b1d1a,#967167,,#cda18d,#e9bfa9,#dcb29d,#e1baa7,#cca491,,#bd8782,#643636,,#d1a795,#5e3323,,#dab29f,#88635a,,summer_mute
#b6aea7,#91857a,,#2e2723,#504742,,#a59792,#573e36,,,,,#c6b3a4,#938070,,#ded1c6,#e7ddd7,#d3c2b1,#9f5e61,#c19092,,#cab8ab,#988273,,#d6c7bb,#957d72,,summer_mute
#6a5751,#a59187,,#67544c,#9d877b,,#2b2428,#7b6f70,,#251b1c,#685755,,#d5c2b7,#c7aa99,#b58e7c,#d6c6bc,#c7a797,#ad8372,#ba9a95,#684440,,#d7c5ba,#8f675a,,#ceb8ab,#9f786a,,summer_mute
#523734,#815c52,,#38292b,#5a3e40,,,,,,,,#d3b2a2,#ba9380,,#d0b2a5,#c6a898,#b28f7c,#b68579,#854745,,#d0afa1,#ab7e69,,#c6a69a,#7b544c,,summer_mute
#8d6d65,#b1938a,,#70544e,#967971,,,,,#201317,#483a3d,,#d0b4ab,#ac8d83,#765c58,#e3cdc4,#dcc2b7,#d0b0a6,#a4706c,#683a37,,#d1b5ac,#734f4a,,#cdb0a5,#82625b,,summer_mute
#3b221c,#5e433d,,#45231a,#906e68,,#826766,#331614,,#967880,#4c3336,,#c8a295,#5b4268,#1a0605,#e3c2b9,#d1afa4,,#c97981,#833a3c,,#e2c1b7,#794837,,#cba298,#4e2922,,summer_mute
#5f4740,#ad918a,,#56403b,#8f7770,,#3c2f30,#9a8383,,#5f524f,#998583,,#f3e1e1,#edd3d2,#e5c8c2,#ebd1d0,#f5e2e3,#dbc4c2,#a85f61,#d28d94,,#f0e1e0,#9d7f75,,#e1c9c5,#9c7b77,,summer_mute
,,,#392925,#906e61,,#a68f8d,#3b2b2b,,#a88c8a,#4c3935,,#b4948b,#c99e91,#dbb0a6,#f6d6d6,#eac8c2,#dab5ac,#ad6972,#d89fa4,,#e7cbc9,#ad7f73,,#e0bdb7,#ac8680,,summer_mute
#8a6d5c,#ab907d,,#433439,#6c5e65,,,,,,,,#c3a390,#a4806f,,#c4a78d,#ba9a81,#a8846f,#ac7f74,#8c6154,,#987462,#c6a694,,#c2a793,#9f8171,,summer_mute
#a98c7e,#6a5249,,#62493c,#a5897a,,#836356,#b39383,,#422922,#b49388,,#ecc5b5,#f6d7c8,#ddb4a4,#f1cfbd,#e3b8a8,#cca093,#cc8f89,#98605b,,#ebc4b3,#a67c6f,,#e0bbaa,#a17970,,summer_mute
#765741,#34281b,,#1a1510,#614837,,#211e1b,#6d6a6a,,#6d5a54,#1c1916,,#d0ad9f,#d8b7b1,#caa08e,#b3816b,#a9795f,#976e55,#89413a,#ba6767,,#caa28f,#8c5d48,,#c8a697,#966c57,,summer_mute
#bd9c88,#a07f6c,,#8d6d58,#b2917a,,#3f241c,#9f7b75,,#37221c,#957872,,#c49880,#ddb39d,#ad7e66,#c1987e,#d7ac97,#93644b,#b4877e,#49281f,,#dcb49f,#7a4f3d,,#c69f89,#845d4a,,summer_mute
#bda296,#927a71,,#a48a80,#cdb1a5,,,,,,,,#cca492,#ecc4b7,#a68475,#f8dad3,#efc4b5,#cd9e8e,#d89b9c,#a36b6a,,#eac3b4,#825c52,,#deb6a7,#927267,,summer_mute
#917264,#bb9788,,#907163,#b39181,,#ac8983,#412722,,#a58480,#3b2924,,#d1a18d,#ad836f,#ecbfad,#ecbfaf,#daa895,#bf917e,#bc8b85,#523732,,#dbab95,#865c4b,,#d4a793,#8d6a5b,,summer_mute
#362c3b,#7f6f79,,#221927,#6b5b62,,#c7b2b6,#726167,,#d9bcba,#b7a3a5,,#d8bdba,#c8aba8,#ac8e8d,#f0e3dd,#baaead,#8e7a77,#785862,#c8a0a3,,#e0d1cf,#6f5551,,#dbc1bd,#7b6064,,summer_mute
#2a1c10,#574637,,#201208,#3d2c1e,,#291a11,#64544d,,#1e0e07,#4e3b33,,#a28773,#8c7462,#bfa593,#896d59,#d0b7a3,#ad937e,#69453f,#96736d,,#d2bca8,#7d634e,,#836857,#bea795,,summer_mute
#dfbfa2,#b5927c,,#9e7c67,#be9b85,,#dac1b3,#4c362e,,#4a3430,#d3b8aa,,#f5d1b0,#ecc5a3,#d8b091,#f7d9b4,#f9e5c0,#fbefda,#e0a18b,#be7964,,#dcb495,#f6dfbf,,#eac9a9,#9c755d,,summer_mute
#8d746c,#b39a90,,#9d7b6c,#ccb09f,,#b99c99,#79605e,,#3f2d29,#7b6765,,#b38e7b,#ddc4b7,#815d4d,#e3d0c7,#caaa9e,,#c59692,#905956,,#c9a799,#81574c,,#cdafa1,#79584a,,summer_mute
#a67884,#513851,,#84576f,#a37995,,#90738a,#392542,,#9a7e96,#4e3a5b,,#e1b2ab,#d6a6a0,#be8f91,#e3b2ab,#d5a098,#b0827f,#b27282,#653450,,#dfbbba,#a8757d,,#cfa1a1,#764f66,,summer_mute
#5f4d49,#96817c,,#968783,#544846,,#8e7b7c,#2a1c1c,,#382624,#9e8d8b,,#403737,#eddad4,#9f8e8a,#e8ccc4,#ebd2ca,#e3c6bf,#c59198,#9d5965,,#e0c3b9,#bb9b91,,#d3b8b2,#504141,,summer_mute
#74584c,#301b13,,#836251,#bd9d88,,#7c5f51,#a58370,,#9f7c6d,#3f2923,,#ddb59c,#b58f7a,#eecec0,#dbb29b,#bb9987,,#c48482,#8e5450,,#ddb6a4,#b3876f,,#d3ab96,#765246,,summer_mute
#8a6961,#3e2624,,#b49085,#56403e,,,,,#5d3e31,#bea195,,#edc9ba,#6c4a41,#b48e82,#e0b9ab,#c6a396,#a68276,#804f4f,#cd9d96,,#eecdc0,#875e58,,#dbb5a8,#6b4c4a,,summer_mute
#a58479,#dfbbac,,#ccae9d,#9d7e6e,,,,,#260c02,#533a2d,,#eac3b2,#c7a595,#d9b3a2,#f4cdbb,#ebc1ae,#d1a28f,#b68d82,#886152,,#d4b09f,#734c3c,,#d2ae9d,#886b5e,,summer_mute
#806f6a,#af9a94,,#7e7069,#ad9b95,,#816f74,#2b201b,,#3c302e,#9d9496,,#dcc7be,#cfb7ab,#b49e93,#d3bfb6,#cfbab2,#d9c9c3,#c1a5a4,#906e73,,#d8bdaf,#b2978d,,#c8b2aa,#806c69,,summer_mute
#422e2c,#6d5655,,#8f7574,#b19da0,,#674f4e,#8f7877,,#977b7f,#755e60,,#cbafaa,#b49891,#dac0c7,#bb9fa1,#967e84,,#9d626e,#b88a99,,#c7a8ac,#ac8e8b,,#c0a3a2,#806264,,summer_mute
#948c8b,#bdb2b0,,#bdaaa0,#978780,,#9f928e,#756864,,#917d75,#63524c,,#e0cbc0,#d3bdb1,#c1ac9e,#e4d8d2,#dacfc6,#d0c3bc,#bd9e9b,#97726f,,#dfccc3,#bea597,,#cfbcb1,#74635c,,summer_mute
#7f6968,#ab948f,,#c4aba1,#98776d,,#896d69,#493937,,#634d4a,#8c706b,,#decac1,#d4b7aa,#c9a698,#d3c0bb,#ccb3ab,#c2a297,#b98f89,#8b5e58,,#d3baaf,#8e6a5f,,#d2b9ae,#a07d74,,summer_mute
#d3ab8b,#edc19f,,#a17454,#cda482,,#39261c,#ae9280,,#34241a,#aa8d7c,,#f4d0af,#e1b997,#c49a77,#f8dabb,#f4cfac,#e7bc98,#c28170,#864637,,#f5d8ba,#b37d5b,,#e5be9c,#94674c,,summer_mute
#a78d7c,#684f43,,#684e41,#baa18d,,#674e4c,#352522,,#382924,#6c504c,,#dfbaac,#d4ab9d,#c29b88,#e0bbaf,#e9c9bf,#cfa697,#854c4a,#aa7475,,#e1c1b6,#8b6253,,#d4b2a3,#8c675a,,summer_mute
#55433e,#97857a,,#ae9b91,#725e56,,#a5928c,#715f5a,,#322627,#998983,,#e8d3c7,#cdb5a5,#99806e,#e8d6cc,#e4cfc1,#d4beaf,#ca9aa1,#865b5d,,#ddc9be,#aa8a7b,,#d4bcb1,#58433f,,summer_mute
#35353d,#736c70,,#4b4b53,#7f7a7e,,#2d2f38,#6e6c72,,#31353f,#76777e,,#dcd3d5,#cec5c7,#e6e1e7,#c6b7b5,#cfc2c0,#bdabab,#92737c,#cbb5bd,,#e9e6e6,#c0b5b1,,#c9bebf,#5e565c,,summer_mute
#a36c61,#5a3432,,#d5a9a3,#a87e79,,#825c5b,#492524,,#997175,#533033,,#e7b2a3,#eebeb4,,#d69380,#c48072,#e4ada0,#a65553,#cb7f7c,,#dfa99a,#734037,,#e5b2a5,#a6675a,,summer_mute
#a4836d,#897163,,#ba9888,#775a4f,,#49322d,#76625a,,#856962,#48352f,,#c49881,#dbaf98,,#a88573,#cb9f8a,#dfb29b,#c6867b,#ab665e,,#cda38c,#a77d68,,#cea38a,#886555,,summer_mute
#4e3836,#7a6161,,#624e4f,#917d7f,,#745a57,#a78a88,,#2d2528,#897578,,#d7b7b6,#bc9d9c,#edced1,#debebb,#bb9692,#7c5c5c,#ae7684,#704048,,#e7cdc9,#997677,,#c09f9d,#3e2827,,summer_mute
#442f22,#624b3b,,#634c3e,#836b5c,,#25140c,#38251b,,#2a180d,#433124,,#caac96,#c1a38d,#b3937c,#907461,#7c6251,#9b7e6a,#936e5f,#674335,,#cdb29c,#9c7e68,,#b89a83,#684e3f,,fall_dark
#9f7f7e,#c0a2a2,,#ac8a8a,#674641,,#bb9eab,#614952,,#6c505b,#b99ca5,,#e4cacb,#dbb9bb,#d2aaad,#e9d2d4,#e0c3c1,#ceaaaa,#a56071,#d099a5,,#dfc0bf,#c39e9e,,#d4b3b4,#7f555a,,fall_dark
#341a1a,#8a5e56,,#895b4e,#c39c93,,#b79ca2,#705258,,#69545b,#c1adb3,,#f8edeb,#f6e8e6,#f1dedb,#dbbebb,#ceaaa5,#bb948b,#dfa3aa,#a0545d,,#e9d0cb,#9a6c61,,#e2c8c5,#976f67,,fall_dark
#5b3f35,#21130f,,#cdb1a1,#a37f6a,,,,,#58433d,#372522,,#c39e87,#ceac99,#d8baab,#d0b4a5,#937767,,#aa7f72,#6f4b40,,#d2b7a9,#987969,,#caa996,#856657,,fall_dark
#7c5542,#b18d7c,,#a37e6e,#654234,,#9a726c,#482f2a,,#a78c83,#3b201a,,#dcc2b0,#d7baa5,#cdae98,#d9beb1,#ccaa97,#bc947c,#935350,#c59791,,#cfaf9b,#a07461,,#c3a08e,#764c3d,,fall_dark
#9e9387,#6f6159,,#544743,#8f8174,,#a5958b,#6e5f5b,,#a38f85,#6f5d5c,,#d1c1aa,#c9b9a3,#beac98,#aca59f,#d3c9b7,#beb6aa,#a3877f,#644847,,#cdbeaa,#6b5552,,#beb09f,#7f6e68,,fall_dark
#683623,#9b6851,,#604032,#956e54,,#3e211d,#a37b6d,,#321d1a,#70544f,,#b9907f,#d4ab8c,#c59c88,#f9e3c3,#f5d4a8,#904a2f,#dc937d,#98554d,,#e7b991,#a77760,,#eac39d,#865643,,fall_dark
#90756b,#664b42,,#37201b,#edd0c8,,#d0b7b0,#6a4a3f,,#998079,#482d25,,#d8a994,#c09985,#ab8672,#dfbba5,#eccbb6,#f5dbc9,#a36862,#e09f9a,,#ebc5b2,#ab8373,,#e3c0ad,#987466,,fall_dark
#a38e80,#cfc0b6,,#594b41,#8e7f72,,#6f5e5a,#a69793,,#897971,#56473e,,#c4b1a4,#b5a094,#aa9386,#eed6cc,#e1cabb,#c9b1a1,#9a6e66,#cab4ab,,#c5b0a0,#a5907f,,#d0baab,#7f675d,,fall_dark
#4c3427,#b69e8d,,#1d150e,#271e15,,#a78a82,#4c332b,,#22150e,#331f16,,#b8957e,#a5836d,#cfad98,#dbbda9,#c4a28d,#8b614f,#c99f9c,#774a45,,#d0af9f,#7d574a,,#c8a999,#866354,,fall_dark
#af897c,#c6a497,,#b7968b,#65463e,,#7d5c57,#ba9793,,#b89b97,#83615c,,#ead3d1,#c9a79c,#7d584d,#ebd3d1,#dbbdb4,#c9a698,#ae7571,#d0a3a0,,#eddad4,#ba9587,,#d4b4ab,#6b4b41,,fall_dark
#6b4d41,#aa8674,,#805e4f,#c19985,,#372d2d,#ac9c9b,,#9e8179,#342623,,#e6b29c,#dca890,#ecc7b5,#daa893,#d4a38d,#e3b29e,#c4756d,#a6433b,,#cd9e87,#624134,,#d7a68f,#a06958,,fall_dark
#ae988d,#69554d,,#6c5951,#bba69b,,#9c8581,#331f1e,,#362623,#a38982,,#f2e6df,#eedcd2,#e7cebd,#e7cebf,#d1b2a3,#a5877b,#953432,#c37978,,#e0c8be,#806359,,#d5baad,#6e443d,,fall_dark
#332e3e,#786464,,#c8aea6,#8b7372,,#93848e,#3d323f,,#514249,#b19796,,#f1dfd3,#e7cdc1,#dab6ab,#d8aca0,#654058,#a5756d,#c09492,#754d5a,,#eed5c7,#927576,,#dfc1b6,#765b60,,fall_dark
#432920,#75594e,,#857168,#443935,,#3e2e2b,#7b655c,,#8e7772,#40332f,,#d4b3ac,#bca097,#9e837a,#a88376,#cfa99f,#bb9487,#b56968,#7b3935,,#e4ccc4,#936e60,,#c5a59c,#6f5047,,fall_dark
#a4765b,#714631,,#593e2d,#8a614d,,#342421,#90817d,,#2c1e1d,#86736d,,#e3ae96,#bb7c60,,#d19973,#be8662,#e2aa87,#c7786a,#a24f42,,#d9a289,#9d614a,,#ca9171,#7d4b35,,fall_dark
#684d48,#aa8c83,,#8f7166,#ae9288,,#37201f,#a48885,,#452e2d,#8a7271,,#dbb7a7,#e5c2b3,#f1d1c7,#debeb1,#dbb7aa,#d4afa1,#aa7b77,#d7ada9,,#e7c8bd,#bc958a,,#debcaf,#967167,,fall_dark
#4c3229,#896e60,,,,,,,,,,,#ccb0a0,#be9c87,,#d2b6a7,#67564b,,#b4897e,#43231e,,#ccac9b,#905f48,,#caaa94,#774b37,,fall_dark
#c1a5a8,#85666a,,#b1979c,#60474c,,#695c6b,#bfb1ba,,#b4a1aa,#514653,,#efd4d8,#e4c6c9,#d4b8b9,#f0d6d8,#ebced0,#e6c9c8,#db99a2,#bd6071,,#e4cccc,#ae8889,,#dfc3c4,#7c5c65,,fall_dark
#453b33,#5b4f44,,#4e4239,#786a5b,,#544741,#211f1f,,#242323,#5c554e,,#98816b,#b0a18b,,#7a6451,#9d8a75,#8e7863,#634238,#8f7061,,#afa18b,#786250,,#927e69,#604d3f,,fall_dark
#886e61,#c6ad9c,,#594339,#b79881,,#3b2922,#c7bab2,,#443029,#d0c5bf,,#f8dcc4,#f6d3b8,#efc8ac,#f9e8d1,#f5d4b8,#e0bc9f,#cf887f,#ab5b52,,#e6bfa8,#a57c67,,#eacab1,#936b5b,,fall_dark
#5c626d,#24222f,,#a6887c,#d5bdaf,,#120b21,#1c1022,,#8b7570,#392c34,,#e3c9b8,#dabaa6,#cca995,#373c46,#c2afa1,,#bc7d79,#341e27,,#d7bcad,#736965,,#d3b4a2,#3f3a41,,fall_dark
#5c474c,#31202e,,#bba5a9,#5e4247,,#6d5b65,#a7929a,,#c1a7aa,#af9093,,#e2c8ca,#bfa3a5,#9b7e83,#f1dadb,#e5cecd,,#dd97a3,#c4697a,,#e7d0d0,#b28789,,#e0c4c5,#7b5c63,,fall_dark
#ae8a8d,#76473f,,#b48c8b,#9a6459,,#917a85,#44333f,,#947b86,#372231,,#e1c1c3,#d0b3b5,#be9c9e,#ddc0c1,#e2c7c9,#d5babb,#c68b98,#a64d5a,,#dac4c5,#ac8a8a,,#d0b3b4,#7e555a,,fall_dark
#453632,#71605b,,#a7968d,#77665e,,#362a27,#9b8984,,#3b2e2a,#a89a96,,#dec5ba,#cfb3a8,#ba9c93,#bea097,#a48982,#8a716b,#aa827f,#6e4947,,#e1c8bd,#695048,,#c1a79e,#66534f,,fall_dark
#533936,#3a2325,,#846861,#967b73,,#3b2929,#81706c,,#887672,#413235,,#cbb3a7,#c4ab9d,#b09586,#d0b8b0,#a78678,,#7e363e,#542023,,#cdb6ad,#926f65,,#bfa599,#6f4744,,fall_dark
#7f5f56,#5a3930,,#725349,#9b7b71,,#523531,#281412,,#493536,#cbb1b6,,#b89086,#dcb5ad,#f1cfc9,#fcf4f0,#f3d6cd,#d2a89e,#dda6aa,#8f514f,,#e7c8c2,#a5776e,,#e9ccc6,#9e756b,,fall_dark
#5e4333,#311c11,,,,,,,,#210f0b,#73625d,,#bf9e84,#321b13,#93705e,#ddc2b2,#8e6a58,,#bb8282,#79433d,,#ddc3b4,#815a49,,#caa996,#6d4c3e,,fall_dark
#372a1f,#7f6551,,#8e705b,#c9af9e,,#7c6559,#31231b,,#b09990,#4b413e,,#f2d0bc,#f8decf,#deb59f,#eccdba,#dbb7a0,#7c7068,#d18e84,#ab5d53,,#f2d4c4,#c39e8b,,#e2c4b3,#956d5f,,fall_dark
#6d5750,#a68d80,,#c7afa4,#7e6a62,,#4b3935,#9b7b74,,#5c4844,#c7a69f,,#f8dbc9,#edc7b1,#d1a28b,#946a5c,#b78b7a,#e1bcab,#8c605d,#d7a5a2,,#f5e2d4,#8b685f,,#debeaf,#886258,,fall_dark
#412311,#794124,,#a3673c,#6d3b1c,,#421f0d,#6e4830,,#351a08,#6a4533,,#c98958,#b67447,#8b4e31,#ac663d,#b87447,#9c5733,#8b3f26,#ac6442,,#eec290,#a66139,,#ae6e44,#4e2a19,,fall_dark
#58372b,#946c5a,,#8d6758,#5a3a2f,,#371916,#875951,,#875a55,#32140f,,#b57e6c,#ca8874,#dc9986,#c3806a,#aa6d58,#d99886,#b16563,#893f41,,#da9e85,#9d6152,,#b9816e,#875649,,fall_dark
#70564a,#b19588,,#c0a89a,#745849,,#2d1e1b,#ad958f,,#a78f8a,#2f211f,,#f7e6da,#a7816e,#cfb0a2,#f0d3c6,#b88e7c,#331b16,#814644,#c48e91,,#efe0d6,#754e3f,,#cfb0a1,#4d3328,,fall_dark
#7c565e,#c1968f,,#996d6f,#cea7a0,,#322a49,#988391,,,,,#f5d2c3,#dda697,#804974,#f2cfc1,#ddad9c,#99605d,#d89a97,#97495c,,#efcec1,#916168,,#ecc5b6,#a1686c,,fall_dark
#a6968b,#7a6b64,,#50413f,#8b7970,,,,,#453b3f,#a8a2a2,,#d0bdb0,#614d4a,#a48d82,#e6d5c6,#e1cfc1,#dccaba,#c28486,#8e5154,,#d3c2b6,#816a5d,,#cbb6a7,#634d4b,,fall_dark
#866758,#a68470,,#775c4c,#987762,,#7b6156,#3f2c27,,#7d5e50,#3b2d2b,,#ba8e71,#c9997c,#dcad91,#e2b399,#d2a287,#bc8e73,#ba8576,#8c5849,,#dab295,#926850,,#c5997d,#89634e,,fall_dark
#b09594,#ad9491,,#9e8381,#7e6668,,,,,,,,#cfaca8,#c5a59f,#d3b8b7,#d0aca6,#dcb7b1,#e3c3c0,#c29ca2,#8a5e68,,#cfaea9,#b5928e,,#cbaaa7,#836367,,fall_dark
#796555,#4c3e38,,#836d5c,#c0a691,,#69524b,#877168,,#51413e,#b2a49d,,#e3c9b4,#ac8a75,#cba991,#dec6b0,#c3a893,,#95605d,#6a3737,,#d8c0ac,#9e8270,,#ceb49f,#8c6d5e,,fall_dark
#4c3632,#836e66,,#786157,#bda79d,,#baa2a0,#655151,,#ab9696,#423434,,#bea59b,#ecd7d7,#dbc2bb,#ead8d6,#dbc2be,#c2a39c,#c18595,#6c3742,,#e0cdca,#503a35,,#cab1ad,#4d3833,,fall_dark
#62443c,#9a7769,,#9e7d6f,#68483f,,#81574e,#3c2117,,#94675d,#4b2c26,,#a77967,#c79787,#dbb5ad,#c59687,#ac7e6e,#d7b1a9,#a56a67,#d4b7b1,,#d5b1a0,#a27364,,#bf9586,#8a6155,,fall_dark
#2f2120,#2b1b1b,,#b0908a,#755c5a,,#9c8086,#533d43,,#40313a,#ae97a0,,#d7bab3,#c29f98,#e4cac7,#e0c3c2,#d4afac,#c59f9a,#c6919c,#835054,,#e6d5d3,#9e7973,,#d9c0be,#a7837d,,fall_dark
#766150,#ac9885,,#6a5849,#40372e,,#3d3127,#6a5b4f,,#39302b,#786961,,#baa184,#c1a68f,#ad9079,#bca186,#a78670,#93745f,#7d534a,#a48075,,#a4856e,#7f5b49,,#a88c73,#765949,,fall_dark
,,,#93776e,#b19389,,,,,,,,#c7a494,#d3aea0,#cca798,#d7b09f,#dfb8aa,#cda89a,#c0918f,#986b6b,,#bd988a,#d6b1a0,,#cda99b,#9a7772,,fall_dark
#867179,#402d33,,#856f78,#b7a1aa,,#52434d,#b59eab,,#544955,#a895a3,,#e4cfd1,#f1e7e9,#cbb1b2,#e9d6dc,#efe4e8,#dbc5cb,#81394e,#c9728e,,#ebdfe0,#a08387,,#d9c4c8,#866069,,fall_dark
#231b20,#7e6c64,,#564540,#b4a197,,#342a2e,#7c7375,,,,,#ecded5,#e2d1c6,,#d2b7a6,#e4d2c5,#a98e7b,#864b4c,#b48481,,#d6c2b6,#a78879,,#d6c1b3,#886a60,,fall_dark
#bda38d,#967d65,,#a59378,#79694f,,#a58f7a,#3b3522,,#3d3829,#9e8f79,,#cfac8e,#e4c3b2,#dbb69d,#f3d7ca,#efccb9,#e9c1a7,#c17f81,#e3aea9,,#ddbfa9,#b5957b,,#dfbca3,#866b55,,fall_dark
#89716c,#463536,,#aa928a,#cbb3ab,,#9c847c,#4e3833,,#ae938f,#4b302d,,#e0bfb3,#f2d3c8,#d3b1a0,#eecec6,#ddbdb4,#caa9a0,#d18b88,#97504b,,#f0d2ca,#a67e7b,,#d9b8ad,#806059,,fall_dark
#3f3131,#97837b,,#251d21,#826e68,,,,,#b3b8b7,#2b282e,,#d8c8ba,#c1a895,#a18775,#d3bfb2,#ab9387,#c1aa9d,#703f43,#a37474,,#cebcb0,#9d8174,,#c8b3a6,#7b5e57,,fall_dark
#735143,#be937e,,#3d2d26,#95705b,,#31201c,#a5918d,,#281c18,#aa9e99,,#ddaa97,#c18f7c,#784c3c,#e3ae98,#d19a83,#f2c4b1,#813d3c,#b58077,,#c89982,#8a624f,,#d19f88,#794d40,,fall_dark
#563c30,#8a6b59,,#795442,#947260,,#382a28,#75615d,,#372c2b,#816b65,,#e8c5b6,#cfaa97,#a57f69,#e5c5b9,#cca998,#dbb8a8,#ca7e80,#914947,,#f1d9ce,#ac8673,,#d4b1a1,#7c5749,,fall_dark
#be9c85,#8c6750,,#aa836f,#855b49,,#bb9c8a,#9f7e6b,,#937668,#472e21,,#deba9e,#e8c4ab,#c9a78c,#f6d6be,#e9c5ae,#dcb59e,#c1877e,#8c564b,,#debea7,#a7846d,,#d8b29b,#7f5547,,fall_dark
#7d5e49,#bd9e8b,,#885f48,#bd957d,,#4a3023,#b29485,,#43281e,#a47f6f,,#d5af96,#dcbda8,#cda485,#d7b69e,#dec4b3,,#94332e,#bd665b,,#ceaa91,#663929,,#d1ad93,#9b5945,,fall_dark
#2a1f1c,#665a50,,#6d6057,#9b8e84,,#1f1a18,#6e696a,,#7d7270,#26211f,,#ddd3cb,#d5c7bf,#cdbdb3,#bcaaa0,#4a3832,#8f776d,#4c201e,#8e5a57,,#cdc1b6,#5f4e42,,#baa99e,#523f37,,fall_dark
#523a2d,#8a6d5c,,#cabab0,#3f2c22,,,,,#4d3d33,#b2a199,,#f6e8df,#ead3c4,#d2b4a2,#d0aa97,#bb937f,#a88068,#c78a7f,#7b3a2f,,#ead1c4,#936e5a,,#85614e,#dec2b4,,fall_dark
#221712,#885e41,,#b48e6a,#82573a,,#422c26,#b79783,,#442d25,#ae8d78,,#e7c8a4,#eed4b8,#dbb995,#e4c297,#d6ae80,#bc8b5f,#9a3524,#c3644c,,#edd5b8,#af7f54,,#d9b68e,#7a4930,,fall_dark
#573a30,#997a6d,,#4f342b,#91756c,,,,,#372b2d,#b8adaf,,#f3cfc7,#daada1,#7e5e56,#f1c7bb,#e8baad,#f6d6cf,#985056,#c68384,,#dbb4a5,#8e685b,,#dcb2a5,#714d46,,fall_dark
#766052,#b7a190,,#7c5e4f,#b79f8e,,#55413a,#ac9f95,,#543e37,#9f9087,,#e1d1c5,#ccad9c,#ab836e,#e0d1c5,#e4d7cb,#dcccc0,#cca298,#af6b64,,#d2bbaa,#8e6354,,#d7c3b5,#895e50,,fall_dark
#71594d,#332b28,,#664d3f,#8e7668,,#292526,#7e7474,,#302b2b,#837b79,,#e9cfc3,#e3c8ba,#dac0b1,#dec0b2,#a8897a,#524037,#b16f71,#7c383a,,#8d7362,#e8d8cd,,#c9b0a1,#5b443a,,fall_dark
#4f3e33,#79634e,,#2e2117,#523d2e,,#2a1f19,#a39387,,#443931,#9e8b7f,,#e4c599,#c9a579,#a47f56,#fdf5eb,#f4dfc6,#d5b38f,#9d624e,#dfafa6,,#e9d2b1,#997657,,#e5cdb2,#906f52,,spring_light
#a2795e,#d4aa8f,,#b1958c,#58362b,,#472c1d,#a27c6d,,#4a2d24,#a1877f,,#e6c7bb,#e9cbc3,#debfb4,#efc2a9,#e4b699,,#b66965,#db9f97,,#debbab,#8b634f,,#dfb7a4,#9c6957,,spring_light
#b89686,#e1c2b2,,#9f7f72,#422b24,,#3b2b29,#948a8a,,#3e2e2c,#9f8782,,#debaae,#caa899,#eed0c4,#f8dcce,#f1cdbb,#f6d5c5,#a96e69,#e5bfb7,,#dbb9ab,#b08b7c,,#e5c5b4,#a88175,,spring_light
#af8d78,#553d33,,#e5c1a5,#e2bca1,,#dfc8bb,#7a5c4b,,#553e31,#cab2a1,,#eec7a9,#c69e82,,#edcab0,#766873,,#c15e54,#d68375,,#ca9b7e,#ebbfa3,,#dcb295,#866150,,spring_light
#987f76,#624f4b,,#4c3f3d,#8b7872,,#4a4046,#9d8b8b,,#413c42,#938383,,#ddcabb,#ded1c3,#d6c1b2,#dfbfac,#e1cfbf,#e0c6b5,#c86f76,#9f3e49,,#e1d4c7,#ba9789,,#d6bead,#986465,,spring_light
#bd9e8e,#896c5d,,#b59b91,#674941,,,,,#8b6f68,#473030,,#e6bfb0,#b18b7d,#6d4b40,#e4c3b3,#d3b2a2,,#d49a92,#ab6a63,,#debeb2,#80594b,,#dcb5a4,#896055,,spring_light
,,,#372322,#936a64,,,,,#3b292b,#403135,,#d7b5b3,#261a3b,#7e6c6d,#ddbebe,#c8a5a0,,#b16263,#d49b9b,,#dbbcb4,#be8d85,,#cfa8a4,#664240,,spring_light
#966b62,#c1978a,,#a87e70,#5a3a35,,#be9a92,#62413c,,#61403b,#c2a69e,,#e4c4b4,#b78f83,#ceab9c,#f6d9c6,#ebcbb8,#d1a794,#9a4e52,#d48a87,,#debaac,#885b53,,#e8c8b6,#ad7e75,,spring_light
#a68880,#c8aaa2,,#896b60,#4c342e,,#261a17,#917976,,#2e1d1c,#baa7a3,,#e3c0b5,#d1afa3,#a9887f,#dcb9ac,#caa797,#edccc3,#a85a58,#d89997,,#d1ada5,#ac8981,,#d9b6a8,#a0796e,,spring_light
#c3aca5,#927a75,,#54423e,#927c75,,#544f5a,#9799a5,,#50444e,#7e6e76,,#dcc9c6,#d2bdbb,#c7aeaa,#ddc7c0,#e2cfca,#e8d9d6,#cd7b8a,#923244,,#e2d1cc,#ab897f,,#d6c1bb,#936968,,spring_light
#463939,#9e8981,,#57423f,#89736c,,#231b1f,#7a6d70,,#2c2124,#8d8085,,#e9c1ba,#d6b4ab,#f5d0ce,#e7c1b9,#dab5ae,#f1cbc7,#cf9fa4,#653436,,#dfc0b4,#89655c,,#d8b8af,#8a6661,,spring_light
#a99587,#67564d,,#b29e94,#5e4d45,,#342624,#a08d88,,,,,#dabfb2,#e9d2c9,,#dcbfb1,#e8ccc1,#c4b1a4,#b0716e,#d8bbb3,,#d2b7a9,#b3988a,,#d5bcad,#88695f,,spring_light
#3b2920,#705549,,#806358,#a6867a,,#5b4e4b,#281d1a,,#7e6969,#3d3131,,#d9b1a5,#cfa89e,#c59e93,#a27d72,#926c61,#b28b80,#ab6668,#723535,,#c29d95,#81554d,,#be998e,#6d4c44,,spring_light
#a39390,#7c6b6c,,#887779,#3a3231,,#3b2f31,#909098,,#2e2829,#928b92,,#ddccca,#e4d7d6,#d1bfba,#dccac5,#c5afa6,#d0bcb6,#c77c8f,#9d3744,,#c3aca7,#63433b,,#c8b5af,#8d6664,,spring_light
#cdb0a0,#a37d6b,,#ad8d79,#6f4b3d,,#4f3b35,#baa69e,,#493631,#ad9990,,#f6d6c5,#f9decd,#eac9b7,#f7d8c7,#f9dfcf,#fbece1,#e19493,#ecd0c8,,#f3d1c0,#e1bdad,,#f1d2c0,#b98579,,spring_light
#957362,#cbaa99,,#604138,#7c574a,,#462c2a,#977a78,,#efd2c6,,,#b89383,#f7dccb,,#f5d2c1,#e4c0ae,#d3b09a,#c1756c,#98413c,,#eacbbc,#ab8475,,#e1c0ae,#926759,,spring_light
#a7857f,#60413b,,#ae8f89,#543733,,#472d2e,#af9a9e,,#3e2a2d,#a79297,,#e3c6c5,#dab7b4,#cea7a3,#e4ccc9,#ddbab5,#ead5d5,#d5a3a5,#8d504e,,#d7b4ae,#74443e,,#dabbb6,#a4776e,,spring_light
#a38174,#c3a9a0,,#aa8c80,#7f665e,,#4b3530,#c5b9b8,,#3e2e29,#bdaeab,,#ecd3cb,#e3c6be,#f0dad7,#d9b8ab,#f1d8d3,#e6c6bc,#d4959e,#b86570,,#dfc7c0,#c0a094,,#e0c4b9,#8c625b,,spring_light
#d5baad,#9f8275,,#31231b,#7e6255,,#171414,#afafb1,,#191312,#a59b96,,#d4b5a5,#ba9a8a,#917264,#eed1c1,#f6dcd0,#faeae1,#ca7e75,#70352f,,#dfc0b2,#866353,,#eacfc1,#9a7366,,spring_light
#402d28,#b08674,,#5e4137,#a27a6a,,#36241f,#ba9388,,#442e28,#967268,,#f3d1be,#ecc7b1,#e2b7a0,#edc9b7,#ddb49e,#c79c87,#e2aa9f,#9d6053,,#f0d4c2,#c4967f,,#deb7a4,#4c332a,,spring_light
#bda69e,#947c75,,#bba199,#977e74,,#37292e,#c2b3b8,,#332428,#b5a6ab,,#e7cfca,#dec4bc,#d2b4aa,#ead3cf,#e3cfca,#edd9d6,#c88486,#a95859,,#dfc8c3,#b7978c,,#dec6bf,#8c605e,,spring_light
#61432a,#947355,,#a28062,#654026,,#8b6d56,#3c1f0f,,#492a18,#927159,,#dcbba1,#c8a485,#ac8464,#b99677,#d2b194,#9d785b,#ba8d77,#81533d,,#dec1a5,#9b7658,,#c7a486,#7e5b42,,spring_light
#251a12,#4c3e35,,#8e7e74,#45362f,,#17120e,#68615b,,#181211,#433d3e,,#d1aca0,#dfbdb2,#c19989,#bf9b8d,#a27f71,#7a6251,#68403c,#a1706d,,#c09f8e,#826656,,#b99a8b,#75594a,,spring_light
#5f4c43,#a69186,,,,,#3f2e27,#a89c95,,#4a3b35,#b3a8a4,,#e5d0c2,#c1a494,,#edf1f2,#d6c7be,,#a65b52,#be9185,,#ddc5b6,#c09d8b,,#dac4b7,#a58171,,spring_light
,,,#846f64,#4f4844,,#66554f,#a9968a,,#9d877b,#605049,,#c89d7e,#5b463c,#a07962,#dfb28f,#d6a989,#c8997d,#bc6c5b,#9a4c3d,,#e1ba99,#c09379,,#c49a7f,#674e43,,spring_light
#744d2f,#a47a58,,#cea57f,#a67652,,#442c21,#998076,,#4f3c32,#ab9384,,#efc2a3,#f6d2b8,#ddb294,#e8b592,#d0936d,#a16b45,#d7775f,#9c4730,,#f3d4b7,#af7b52,,#e1ba9a,#915b3c,,spring_light
#8b6c6a,#c8b0af,,#997a76,#4b302c,,#b69ba0,#492628,,#614444,#cfbabc,,#dcbcbd,#e5c8c9,#d0b4b2,#dbbaba,#c8a6a5,#ebd4d6,#be898d,#e0c4c4,,#d7bbb9,#c3a6a5,,#d2b4b2,#7e5d5c,,spring_light
#6c565b,#9b8081,,#8f7575,#391e1e,,,,,,,,#f3d5d1,#e9c2bc,#cc9f98,#f2d6d5,#e8c0be,#d3a7a2,#da8691,#913b40,,#f6e3e4,#c28f8b,,#e9c7c4,#ad7878,,spring_light
#b08a85,#6e4c4a,,#452929,#a37e7a,,#57383b,#b6959c,,#4c3036,#b698a0,,#f4ccc7,#eec1b9,#e1b0ab,#f4cbc6,#f0c5c0,#e6bcb7,#e2a1a3,#be787b,,#dfb1aa,#a17067,,#e7bdb6,#bc8b87,,spring_light
#493f3c,#77665f,,,,,,,,,,,#d9c7bf,#c3aca0,,#8e8079,#36322d,,#c0817a,#8f4f4c,,#d3c0b7,#7e675f,,#cab7ae,#837069,,spring_light
,,,#ac8873,#9f7b69,,#877568,#382b2a,,#a17f6e,#5e3e35,,#b69075,#aa8168,#6f4134,#bb9c87,#81bce4,#4f5b6f,#a57c67,#191514,,#a77d65,#c3a791,,#a49185,#3f302d,,spring_light
#9a827d,#c4aaa4,,#664c44,#a08680,,#453635,#8f7875,,#3e2f2d,#7a6866,,#dabeb4,#d4b4ab,#c4a599,#d9bdb3,#dfc5bc,#e7d1ce,#a57978,#cfaeac,,#c9aca3,#a28178,,#d3b7ad,#a9877f,,spring_light
#8e7e79,#3d3434,,#84736b,#b7a79d,,,,,#251c1c,#817b7d,,#d9c5b7,#c0afa2,#eed9ca,#ecd8ca,#e4cfbf,#d9c4b4,#b67373,#8f4143,,#e7d0b9,#a58e7d,,#d1beae,#8a6d68,,spring_light
#a69492,#4a3c3b,,#8e7976,#392b29,,#2a1d1d,#665556,,#261a1c,#564749,,#dbb9b3,#bf9d95,#5e443f,#e1c0b9,#d0b3a9,#614644,#cfa7aa,#9c6568,,#d8b8b3,#b18980,,#ccaba3,#7a5755,,spring_light
#9e7f79,#c9b0af,,,,,#4f3838,#b199a3,,#614a4f,#9e858d,,#e8dee7,#e2d2d9,#d3bdc0,#d1bebb,#76645f,,#c86e82,#97303f,,#dfcdcf,#b1897b,,#d4bfbf,#855554,,spring_light
#775a4f,#b89d8f,,#8a6f61,#d0b6a6,,#705c58,#d0c3c1,,#c5a9a0,#dfc9c4,,#faebe0,#f7e1d3,#eac8bc,#f8e5da,#eed0c6,#d0b2a7,#dba5a1,#ab6164,,#f5e6da,#b49286,,#eacfc2,#8c6a62,,spring_light
#543f2f,#17110e,,#33251b,#503d2d,,#1e120d,#735d50,,#221610,#766151,,#c0a78d,#ab8f7a,#8e715f,#bca086,#ccb49d,#a28571,#a0655e,#552d25,,#b49b7d,#634839,,#b1957c,#684d3e,,spring_light
#513d38,#8d7b70,,#655048,#837167,,#423739,#7e7978,,#493c40,#a8a7a6,,#a68b7c,#c2afa2,#b39b8d,#c7b6a8,#ded0c6,#d2c1b6,#c5968d,#8c4f49,,#9b8473,#cbbcb2,,#bca89a,#82675c,,spring_light
#6a4f40,#a98b7a,,#957665,#d4b5a1,,#c1a79e,#59453f,,#cfb8ac,#554842,,#f4ddcc,#f6e1d2,#f9e5d7,#efd4c1,#c5a492,#816556,#dea79e,#a2645d,,#eed3c2,#7f6050,,#e7ccba,#836557,,spring_light
#2e191c,#6a4d4b,,#472f32,#987a7b,,#ab8789,#ba9496,,#271c25,#a28c92,,#e3c3be,#efcac9,#dfb5ac,#debbb5,#ddb7af,#d8b2a8,#a56b6f,#ca9ca0,,#edd5d5,#ba9087,,#dbbbb7,#916c6b,,winter_dark
,,,#897474,#d5c5c4,,#695658,#3f2e2d,,#3d2f2f,#8d7d7d,,#c09e90,#f5e2d6,#dec2b4,#b18f7f,#a88776,#9e7e6e,#9f5553,#803432,,#b39892,#f0e1de,,#9f7d72,#e9d4c9,,winter_dark
#2c2422,#84634d,,#9c755c,#bf9a7d,,#413028,#a77d61,,#2f251f,#513e35,,#e3bfa6,#deb79a,#d3a888,#d9b195,#795747,#bb9377,#975c4c,#c48d76,,#d7ae8a,#8f6553,,#cea589,#845c48,,winter_dark
#332729,#776362,,#1b0e12,#110a0f,,,,,,,,#d6b6af,#c09c94,,#d2b5af,#a28684,,#a96d72,#c08f96,,#ccaca4,#946e64,,#d0b2ac,#a17a79,,winter_dark
#a38979,#403532,,#a98c75,#6a5649,,#3d2821,#ae938b,,#38251d,#b19589,,#f5d0b8,#efc7ab,#e2bca2,#f4d4c1,#40312b,#b59582,#bb7567,#d49887,,#dbb79c,#be9579,,#dcb59d,#3e332d,,winter_dark
#b89c99,#785e5c,,#80615b,#b89995,,#392021,#a58688,,#a88581,#422b27,,#e2c2bb,#ebccc5,#d8bab3,#eacdca,#e4c7c3,#dcbfbb,#cc929b,#b36a73,,#d3b0a7,#9b7064,,#dbbcb7,#ad8684,,winter_dark
#331e19,#835c44,,#37201a,#895f4d,,,,,#12121b,#5b4c4d,,#f3c8b3,#eabca3,#e2af91,#f1c1a8,#f6ceb9,#e6b394,#ce9588,#82493f,,#e4bb9f,#844d38,,#e5bda3,#a97862,,winter_dark
#352a2b,#675252,,#a1898a,#7c6365,,#2b2428,#736f75,,#95888d,#30272c,,#d7c8c7,#d0bcb8,#c3ada6,#a98d89,#7c6262,#403235,#b47a84,#683439,,#d0c0be,#6b5350,,#c6b1ad,#574343,,winter_dark
#695049,#ccab9b,,#2f1a13,#4d3229,,,,,#583b34,#ab8e80,,#f9dec8,#f6d2bc,#e8c2b0,#f7daca,#eecab9,,#e1a9a5,#c37d7b,,#ebc9b7,#865c51,,#efccba,#b2837b,,winter_dark
#473738,#a98e88,,,,,#402426,#af989c,,#442d2a,#b1a2a3,,#ece1dc,#e0d0c7,#d5bdb2,#dbc5c3,#deb0e5,#d297d6,#a26165,#ce9da9,,#e3d3ce,#ac8279,,#dcc7c3,#8d6368,,winter_dark
#997d65,#49392f,,#ad937b,#35291f,,#453120,#a38573,,#a88777,#4f3326,,#f4d7c2,#dec0a7,#5a4b3f,#ebd1bb,#e1c4ac,#d7b69e,#cc9982,#ad7561,,#e0c0a3,#c8a382,,#d5b49b,#4b3c32,,winter_dark
#4a3734,#896f6b,,#533d38,#a38b83,,#a79493,#3d2e2f,,#b3a0a1,#4a393b,,#edd1d0,#ddbfbd,#c2a8a6,#ebcfce,#d7bab6,#bea5a3,#ab6372,#cf99a3,,#ddc1be,#bb9a94,,#d9bfba,#9a7d80,,winter_dark
#887c73,#c6b6ac,,#5e5049,#907f72,,#362f2e,#c1bdbd,,#3f3432,#968581,,#b09585,#d7b9a7,#c3a796,#fae8d7,#f7dfcd,#f4d7c3,#ce9a9b,#845251,,#dab8a5,#936f5e,,#eed4c0,#ab8c7e,,winter_dark
#755c51,#1a1719,,#64524e,#9e8f8b,,,,,#262329,#9e9499,,#f3e2db,#dcd7d8,,#e5cdc5,#c49e90,,#c18789,#7b4341,,#906453,#f2dfdb,,#ccaca0,#6f4d41,,winter_dark
#423633,#9b8882,,#3d3333,#9e8b87,,#2d2627,#827d7f,,#352b2b,#a49595,,#f7dcd4,#f1d4cb,#e7cbbf,#e6cbc1,#d1b6ab,,#bf898f,#6f4244,,#dfc4bd,#644a44,,#dec3b9,#93756e,,winter_dark
#493427,#937766,,#b69e93,#6c5e5f,,#2b1a15,#917d76,,#2f201d,#b4a3a0,,#ebcec0,#302524,#967b75,#e5c6b4,#e0c1af,#d9bba9,#d09795,#9a5f57,,#e1c0af,#9c7a6b,,#d7b6a4,#362722,,winter_dark
#b99c90,#775a4c,,#806257,#b19284,,#3f231b,#ac8b83,,#462b24,#b29288,,#d4ad99,#efcab8,#ae8876,#f3d0bf,#f7d9c8,#ebc6b4,#c38a89,#925351,,#e9cab8,#8f6656,,#ddb8a7,#8b6558,,winter_dark
#ad9b9a,#4f392f,,#261409,#372318,,#422520,#947269,,#4e2f24,#9c7d72,,#e8c7b7,#b99787,,#c5a591,#deb9a2,#a5897a,#dab2b3,#ae787a,,#e7c8b9,#b18f83,,#d6b3a4,#886d64,,winter_dark
#141519,#312a29,,#bfaea8,#7e665e,,,,,,,,#e4d2cb,#b4a197,#6f5956,#ab8e7d,#decbc1,,#c28e8e,#8e5554,,#e1cfc6,#996f5f,,#dccac1,#8a6e64,,winter_dark
#463437,#aa8d89,,#261b20,#85645e,,#402a2a,#907370,,#4e3939,#9d817c,,#e0c1b1,#dcbeac,#d7b7a7,#dfc2b7,#d3b5a9,#dbbdaf,#9c5c61,#c08688,,#c8a498,#6f453c,,#d1b4a7,#936b6b,,winter_dark
#6f5855,#af9996,,#705955,#b09994,,#c2acae,#4f4343,,#b8a5a7,#453b3d,,#f4dfd8,#f0d5cd,#e6c9c1,#f2dbd6,#eacec7,#dcbeb5,#d599a2,#954f50,,#edd4d0,#85574d,,#e4cac2,#a27b74,,winter_dark
#391f14,#96725e,,#3b1e16,#976d5c,,#9d6f60,#451c14,,#976a55,#3c1304,,#d9a88c,#f5cead,#eabc9f,#e0b292,#c9997b,#f3cbae,#935142,#bf796c,,#e8bb9d,#97634a,,#d7a78c,#996651,,winter_dark
,,,#b49e9a,#665050,,,,,,,,#e8cfc4,#dcc3b5,#ccb09f,#e1c8c2,#c5a79e,,#d396a2,#bb6571,,#debfb6,#92645e,,#dec4ba,#b48d84,,winter_dark
#8f6b79,#c29eab,,#76586d,#ad909f,,#ac8695,#5a3848,,#613b4e,#c3a2ae,,#e7d1d3,#ebd5d6,#e2cace,#ebd6d6,#e5c1c2,#e4abb0,#bf879b,#562b46,,#ddb6bb,#804951,,#e0b8c0,#a4586c,,winter_dark
#6f4739,#9b7462,,#966c5f,#68413b,,#a98c87,#53454c,,#5c4747,#a58d8a,,#ecc5ae,#b57c5d,#d7a484,#f5d1b7,#f7d5bf,#f1cdb3,#9e4f4f,#d58e8e,,#e0ac8f,#894c40,,#9d6952,#e0b39b,,winter_dark
#bea285,#a27d62,,#c2a28b,#a27e65,,#ad8675,#8d6f66,,#a38174,#5b4638,,#e2c0aa,#efcab9,#e7c3b1,#e0b8a4,#e8c4b1,#f0cdb9,#d9a89c,#8b5950,,#eccab9,#c79b89,,#e3c1af,#b78a76,,winter_dark
#6d514a,#9e7a6e,,#5b494b,#a17f75,,#4e3e3c,#9a7a74,,,,,#edd5cc,#f1dfda,#e7c9bc,#d7a996,#dab5a1,#e2bcac,#cc8c8e,#a05d5a,,#ebd4d0,#b08174,,#debdab,#b58b7a,,winter_dark
#907772,#3c302e,,#4f4849,#857672,,#a1837d,#513a37,,#594a45,#cec0bb,,#ddc4bb,#c7a89b,,#dfc0b2,#e6cabd,#d8b6a7,#c08588,#9e6164,,#d7b7ae,#ac847d,,#d5b7a9,#8b6a65,,winter_dark
#b7a7ba,#8a82a0,,#7a7495,#a99bb0,,#bdaabd,#5c5e86,,#5f5e83,#9c90ac,,#eddadb,#c0abbf,#dbc3cb,#edd8da,#f1dddf,#e6d0d6,#ba91ac,#4a4e7b,,#e2c9d1,#99809a,,#dcc5ce,#9385a6,,winter_dark
#694c3f,#a7887a,,#693c2d,#a47b6d,,#b09892,#655b58,,#74605b,#c7b4ae,,#d7a491,#cb927e,#b87664,#ddaf9f,#d1a290,#bc927f,#a4625f,#c5918b,,#c58d7b,#905c51,,#c19281,#794e42,,winter_dark
#6e5a55,#8d7872,,#ba9d91,#8f6d5f,,,,,,,,#debaa9,#e7c3b1,#cba89a,#c4a296,#cfb9b9,,#985757,#c28d8b,,#ebc8bb,#b8948c,,#dbb8a9,#a5817b,,winter_dark
#4b3c45,#8c7a82,,#705f67,#9e8b91,,#857079,#342530,,#3c2a36,#86727c,,#d0a9ad,#c09a9d,#dcc0c6,#c3a2a5,#d2b3b8,#ae9095,#916c78,#c8b0bb,,#d6b4b2,#a88489,,#c2a3a6,#8c6b71,,winter_dark
#836860,#b1958d,,#9f8478,#cab0a4,,#3b2828,#947d7a,,#997e7a,#341e1c,,#efd2cd,#f7e0da,#e2c3bd,#ebcbc5,#dbbbb5,#f7e2de,#aa6c6f,#d49ea0,,#e5c4b9,#b3938e,,#e2c5bc,#aa8a82,,winter_dark
#a1897a,#5d493e,,#978171,#b9a491,,#322a28,#9b8c86,,#423732,#a59791,,#e7cbb6,#e3c7b2,#ddc2af,#dec1ae,#b69888,#65483a,#bb8278,#8a4941,,#dabfae,#745344,,#cfb2a0,#5f4339,,winter_dark
#221215,#845343,,#3a251e,#916a52,,#1f1115,#bc998f,,#1f1319,#b99c94,,#eebcad,#e4b09e,#d3a183,#f4c0b0,#facdc2,#e9b39c,#e47079,#9c1d2f,,#f3cab8,#b6624f,,#e4af98,#8d4834,,winter_dark
#87736c,#c4aca1,,#735f59,#bca295,,#3f3536,#9e9091,,#3d3438,#a78d8b,,#f6d4c7,#e9c3b0,#d6b09a,#f7d8ca,#f3cebb,#e8c2ac,#e2a6a7,#b06b6a,,#e8c7b5,#a87c6d,,#e7c2af,#b68e7c,,winter_dark
#140604,#7b5b4b,,#3f2014,#775441,,#2e1b18,#9a8683,,#321d1c,#9c8785,,#e7cfc3,#dcbeb0,#cfad9f,#e9d1c6,#d8b8aa,#c19e91,#be7178,#8e383d,,#ddc4b6,#a07867,,#cfb0a2,#815850,,winter_dark
#958773,#bfae96,,#b1a190,#dbcab9,,#38312d,#aaa098,,,,,#fae9d5,#f1dac3,,#f4dec8,#e1ccb6,#baa896,#cf9a91,#966761,,#ebd8c2,#7e6556,,#e9d4be,#aa8d7b,,winter_dark
#8d6c6b,#c5a3a2,,#6d4f4d,#a78683,,#c4a9b4,#3d2b31,,#38272e,#bca2ab,,#e4b6b3,#edbfc0,#d8aca6,#eabbb7,#f3cfd3,#d0a296,#d9d0dc,#85616c,,#d9acab,#825554,,#dfbcbb,#785959,,winter_dark
#987f7c,#391f1e,,#3f2523,#7e615c,,#9c8d8e,#4e3934,,#928083,#543d3a,,#ceb7b3,#c9b0ad,#bba098,#c6b0ac,#d8c6c7,#a58c82,#9d565a,#b79897,,#c7b2ad,#af938b,,#c1a9a3,#88645f,,winter_dark
#564041,#886a6c,,#745b59,#b99a9c,,#2f1918,#8a6863,,#8e6b68,#361e1d,,#d8aaa0,#ae7d74,#402522,#866464,#a67976,#cea49f,#602e34,#b87a80,,#e6bdb3,#865754,,#7f5a59,#cda49b,,winter_dark
#6a5b4b,#907e6a,,#544534,#766653,,,,,#6d5f53,#877569,,#a7947e,#897662,#6c5b4a,#cfbfb1,#b9a390,,#6e483e,#9f766b,,#836b58,#b39c8b,,#aa9682,#74604d,,winter_dark
#c8a893,#9a7862,,#997e6d,#6b4f3c,,#563928,#a78b7b,,#4f3224,#7d6054,,#cdb2a8,#bba190,#c5aa9c,#e8cbbb,#debead,#d2ae9b,#88544d,#bc8780,,#9b7a69,#d6bbb3,,#d3b3a0,#936d5b,,winter_dark
#7c615c,#9b7f78,,#4a3b3b,#7a625b,,#3c3035,#aa9d9d,,#3e3235,#a89998,,#d8c3bc,#c8ada5,#ae928b,#e0d0cb,#dbc8c1,#ceb7af,#c0858b,#924f56,,#d6c1bc,#b2928a,,#d0b9b2,#916e6c,,winter_dark
#bc9c97,#8e6e6b,,#674641,#977671,,#3c2428,#9d8284,,#29181a,#6a5556,,#d7aca9,#ad8889,,#e5b9b6,#d2a79f,#f0cace,#a86e78,#cd97a3,,#d7aaa5,#ae888b,,#d4aca6,#a57c78,,winter_dark
#5a433a,#94766a,,#664e43,#a17f6e,,#85665a,#2a1915,,#28140f,#856b61,,#d39c83,#e1b19d,#553b34,#d8a18b,#b48676,#644942,#caa49a,#915b53,,#daa088,#996250,,#d09d87,#97695b,,winter_dark
#8b6e62,#341e14,,#806558,#a99188,,#413035,#897880,,#47373a,#a48d94,,#eed6d4,#cfb2aa,#e0c6c1,#ebd3d5,#dec7c4,#cab3ad,#c88995,#9b555d,,#dcc4be,#a98f88,,#d8bfba,#98756c,,winter_dark
#847273,#443537,,#524447,#a08b8a,,#291415,#452b28,,#321a18,#6e5657,,#b88f7d,#cca89e,#7a574f,#a78785,#c2a5a7,#472c2f,#bb979b,#775151,,#c0a29f,#825646,,#b99a97,#85625a,,winter_dark
#a98168,#563320,,#ba967c,#947055,,#4e3428,#30140c,,#9d7e6d,#54392c,,#d8b099,#eac3ab,#c29f8b,#f2d0bd,#eec9b1,#e3bba4,#c4897e,#925c50,,#dbb49e,#9b6c52,,#d7b099,#9c725d,,winter_dark
#8e6d62,#b6978a,,,,,#624239,#54362b,,,,,#ead0c2,#e1c2b1,#ceab9a,#dbbbaa,#43352e,,#c68b86,#9e5552,,#d7b8ab,#a77b6d,,#dcbdad,#ac8172,,winter_dark
#4f3043,#b89498,,#311c33,#604050,,#49374c,#aa9ead,,#513b4d,#ad9eb0,,#efc3bc,#f8dad4,#d8ada7,#f8dcd5,#f2ccc8,#d9b3b2,#db8294,#9e3b50,,#f3d4ca,#8e6368,,#e4beb8,#895d64,,winter_dark
#c09d96,#7e686a,,#c5a7a7,#dfc7c6,,#52454c,#d7d1d6,,#c1b0b5,#5b494e,,#ead3d0,#efdddc,#e2c3bf,#ebd5d3,#e6ccc9,#dbbcb7,#c46f82,#d8b2bb,,#e2c9c8,#9e797d,,#e2c9c8,#9d7379,,winter_dark
#775d67,#b79ea3,,#866973,#bd9faa,,,,,#4c3446,#a491a1,,#d5a8c4,#debec2,#b789b5,#d3b5b8,#bc9ba2,,#9d6077,#cd9fb0,,#c1a2a9,#4a2932,,#ccaab5,#7d586a,,winter_dark
#a29389,#6a574b,,#aa9185,#816658,,#342724,#99837d,,#302420,#8b7570,,#e1c0b0,#d3b1a0,#eed6c9,#faede5,#dac1b2,#ebd5cc,#c08183,#763b3a,,#f5e9e2,#8e6a5e,,#d9bfb2,#805b51,,winter_dark
#7f635a,#b1908c,,#ae8d88,#8c6e66,,#aa8d89,#77605d,,#998080,#5b4645,,#ddb5b0,#eecbc7,#caa399,#d3a9a2,#e4bbb7,#b58d83,#a76b6f,#c99195,,#d9bcbb,#b18d89,,#d2ada7,#957167,,summer_light
#665758,#968080,,#b5a1a5,#c9babf,,#4e3f3f,#b8aaad,,#beadb1,#4d4040,,#e6d7d8,#eadfe2,#decccb,#d4c2c3,#bba5a8,#877177,#c87f81,#924f4d,,#dacacb,#806868,,#d7c5c5,#836465,,summer_light
#6f5a5e,#a48f93,,#8d797c,#b5a4a8,,#463735,#b3a2a6,,#403230,#a39091,,#d9c3c8,#e8d4de,#c0aaae,#dcc6cc,#e4d0da,#cdb8bc,#ba5567,#d5bdc6,,#decfd6,#956e6e,,#d5c1c6,#8a5f63,,summer_light
#8b6859,#ab8e81,,#9a7366,#c39d90,,#5f423d,#9c7c79,,#5f443d,#9e7d78,,#dbafa4,#c19084,#f2cfc8,#e5beb5,#edccc4,#dbaca4,#b2817e,#d9aca9,,#dfbaac,#b58e82,,#d9b2a6,#9d776b,,summer_light
#7d605d,#b99b98,,#cba793,#d0ad9e,,#4f332a,#a18177,,#4c2a1d,#a37e70,,#e9c4ad,#e2b9a0,#cc987e,#cb9c9c,#d9abae,,#bd7575,#742e2f,,#eacabb,#935a4f,,#d4a99b,#9a6963,,summer_light
#8c6c5d,#b48d7b,,#b0a59a,#8c7f74,,#8f7566,#493225,,#9b8274,#503e35,,#e0d1c9,#cfad99,#a07b65,#dbb098,#bf8c75,#ce9d82,#c39890,#926b60,,#dbc2b5,#a37f6c,,#d6bdae,#b68b76,,summer_light
#a48d9a,#624f57,,#d1bbc5,#a78c96,,#715257,#d5c9d2,,#cfbec7,#63474b,,#f7e7e7,#f4e3e3,#f2e0e1,#e6d2d4,#a49599,#524749,#e7a0aa,#ce6073,,#ecdee7,#e6cac6,,#edd8d7,#a9787a,,summer_light
,,,#73645d,#938279,,#413534,#8c7d7f,,#423735,#a59da9,,#d0bfbd,#c0a9a1,#af9582,#dacad1,#d6c6ca,#cfbfc0,#b86985,#8f4357,,#cec0bd,#b59d93,,#cbbab6,#987770,,summer_light
#b38d7d,#886253,,#c39d8f,#ae897c,,,,,#deb2a7,,,#cb9c8e,#b99080,#dfad9f,#d2a091,#e2ac9d,#edb6a9,#c7938d,#895650,,#eab5a9,#8a6053,,#cea192,#8e6e60,,summer_light
#97684d,#744c34,,#aa7154,#7b4c32,,#44291e,#775343,,#482c1d,#825e4c,,#da987b,#c4886a,#ae7658,#d3947e,#c1856d,#b17459,#b4705a,#7f3f29,,#e19476,#b27251,,#c48568,#814e38,,summer_light
#b5a4a6,#887679,,#725e5d,#9f8c8b,,#48312e,#b7aab1,,#aa9ea3,#46302d,,#e1d2d2,#d1bec0,#b8a6a6,#eee8eb,#e8dee0,#e2d3d3,#b2516d,#d492ad,,#dbcecd,#bea7a3,,#d5c4c3,#5d4243,,summer_light
#917188,#af9abe,,#c4a9a8,#a48486,,,,,#302047,#39274c,,#d1b6ba,#e0c4bf,#c3a5b2,#d2b4bd,#cab1dd,#b89adf,#c08497,#8b5a77,,#dcc7c5,#907589,,#d2b7c5,#a98296,,summer_light
#705f5c,#c6b1aa,,#a0857b,#604e4a,,#2c1b19,#b4a3a3,,,,,#d8bbb2,#916f63,#ba988d,#e5d3cd,#dabeb6,#bc978c,#d0a7a8,#744a49,,#866157,#caaaa2,,#d6bdb6,#93746c,,summer_light
#2f201a,#7e6152,,#715143,#937263,,#322b27,#5a5650,,,,,#c5aca8,#bda09b,#b1928a,#a58a7e,#ba9f98,#72625d,#ac6565,#883a37,,#cab5aa,#916e64,,#b99c95,#5d403b,,summer_light
#3a3541,#a49496,,#a8979d,#87767e,,#bfabad,#baa2a4,,#c0aaaa,#473e4c,,#e6d4d6,#d6c4ca,#baa6bb,#decdcd,#362d3a,#7f6b72,#d2a7af,#9b6b74,,#d7c7c9,#9f8889,,#d1bcbe,#4d404c,,summer_light
#9f898c,#37292a,,#dac8cb,#b7a1a5,,#927b80,#7c696d,,#937b7e,#604e4e,,#f4e6eb,#e7d1d4,,#e6d0d5,#eddce4,#dbc1c6,#e1a4af,#ab656e,,#f5edf1,#bea1a3,,#f0e3e7,#bd9fa4,,summer_light
#4f4e67,#80778e,,#56536d,#9c92ab,,#4a4257,#645d73,,,,,#c3b5d0,#a69aaf,#4e4572,#b9b0c6,#5e5a77,,#8f6382,#a68da3,,#c1b9d1,#958594,,#b2a7bb,#726678,,summer_light
#9b8682,#2b2322,,#c2aeab,#776261,,#352e28,#8a8081,,#514346,#a59396,,#f9f2f0,#efdddb,#dec4bf,#e3cfce,#d5bbb8,#bda19e,#deb4b1,#a16868,,#f4ebe8,#bda49d,,#e8d6d2,#a08682,,summer_light
#69533f,#715845,,#a07c63,#c4a38d,,#432e24,#715443,,#4f362a,#785a4d,,#d9bfae,#ba9682,,#c4a18d,#b68f7d,,#ad7466,#87483b,,#c9aa97,#aa8370,,#ccae9c,#9c6f5d,,summer_light
#7b594b,#a18073,,#9f7b71,#cfaea5,,#543129,#d3a79e,,#4b2b20,#cba196,,#f3cec3,#d8afa4,#ae8277,#92695d,#e7bbab,#bb9182,#4a2723,#c99996,,#f0cfc9,#663f3a,,#d1aa9e,#6d4b43,,summer_light
#61463b,#917166,,#977264,#b99b8f,,#231917,#8c8181,,#a68782,#512b25,,#e4c4b7,#ecd0c4,#f1dbd3,#ddbdae,#a08b82,#392921,#c68b88,#76403b,,#e2c3b5,#9a6c5b,,#ddbbab,#996a5f,,summer_light
#715044,#9f7e75,,#cdb5b3,#a0837e,,#4d383c,#7d686a,,#654f53,#ac9597,,#f0d6d4,#e3c5c0,#cfada5,#e3c1ba,#e7c9c5,#ead1d1,#dbaab2,#ba747b,,#eedbdf,#be948c,,#e2c6c3,#aa807a,,summer_light
#ac978f,#6d5b54,,#ac9589,#897063,,#362622,#bcaeb2,,#180803,#311e15,,#e5c6bd,#cfb0a0,#f6e7e0,#f2dace,#e3c1b3,#cda792,#cd9b92,#875548,,#ebd5cc,#aa8269,,#e3c9bc,#b2907c,,summer_light
#a18277,#61473c,,#b5988d,#d1b8b0,,#493736,#9f99a0,,,,,#f4e4df,#e6ccc1,,#e4cbbd,#b29b8e,,#cc918c,#a05c55,,#e8d0c5,#a57d6d,,#e5ccbf,#b18b7c,,summer_light
#9c8578,#5a402f,,,,,#5e4a4b,#866e6e,,#695450,#2e201e,,#dbc8c4,#d0bab5,,#d3bfb3,#ba9b82,#7f6855,#a27066,#c9aba4,,#c5aea4,#d8cac8,,#cbb4a9,#846550,,summer_light
#9c8170,#4b382b,,#ceb3a3,#9f8070,,#2f1711,#d8baa9,,#39221a,#a88d80,,#f4d8c5,#e1bca7,#caa58e,#edccbc,#cfae99,#604034,#d09793,#925550,,#f0d8cb,#a88170,,#dcbba7,#68483d,,summer_light
#715043,#a47f75,,#cfb6b3,#aa8e8b,,#987773,#bb9f9b,,#6d5454,#b29592,,#dfc1bc,#eacfcd,#cdaba3,#e2c1bb,#e4c8c6,#dbbbb7,#d9a3ac,#bb767d,,#e9d3d6,#c3a098,,#dabcb9,#9d746e,,summer_light
#725e53,#897266,,#624f44,#7b665c,,,,,,,,#b39586,#a88979,#ad8f80,#ab8f7e,#b09384,#b59989,#a47b74,#724b42,,#aa8a7a,#896456,,#a8897a,#73574b,,summer_light
#846152,#ba9585,,#936d5c,#c49d8d,,#292223,#b4afb1,,#352726,#b4a09e,,#f6d4c8,#e6c0b2,#d2ab9d,#f8dace,#f2cfc2,#e4c2b4,#d59f9b,#935f5b,,#f4d4ca,#b78e81,,#e9c7ba,#a97f75,,summer_light
#bba09c,#8d7170,,#997877,#c3a8a3,,#af9092,#573e3f,,#93757c,#1f1728,,#ebd3cf,#d1b2b2,#9c86a0,#ecd8d5,#e6cfca,#dbbeb7,#803d47,#cc7a89,,#e2ceca,#6e4b4d,,#d3b9b7,#684a57,,summer_light
#55365f,#c09296,,#764967,#c39198,,#654764,#c7a9af,,#cba9aa,#704d69,,#f8dcca,#f7d2c1,#f5c7be,#f6d1c4,#f8dccb,#f2bfbe,#ea9fa7,#e16d91,,#f5d1c3,#d09d98,,#f2c8bd,#bb7b8f,,summer_light
#988989,#272021,,#827a78,#a59a98,,#a89599,#3f3640,,#443f46,#968d92,,#e5cfce,#edd4d3,#d7c9c6,#c5b2b2,#dfc8c7,#be9fa0,#b58b96,#8a4b5b,,#e9d9d7,#9f9693,,#cdbcbb,#836e70,,summer_light
#b492a0,#906c79,,#d1b4b5,#b69496,,#d4bbb9,#b5999a,,#4e3d54,#a98f97,,#f5d8d8,#d8babb,#e9cbc9,#edd0cf,#f1d4d3,#e9c9cb,#d898a7,#9e5c6f,,#e5cbc9,#a58687,,#e1c2c3,#976c7c,,summer_light
#8d685e,#b6958b,,#bd988e,#d0b3b0,,#53332e,#c3b4b5,,#58342e,#ba9d98,,#f2d6d4,#e9c9c2,#dfbcae,#e9c6c4,#e3c3c0,#d9bcb7,#cb828a,#e6cdcf,,#eccdbf,#cea699,,#e6c8c0,#bf9489,,summer_light
#b09389,#5b4243,,#b89d93,#d6c3bb,,,,,#40313a,#a89596,,#eedfde,#dcc6c6,#c6abaa,#e7d9d6,#d7c2be,#b69895,#cf9ea5,#7d4950,,#decbc7,#866362,,#decac7,#896666,,summer_light
#563e3d,#9e8582,,#c5adaa,#896c69,,#201617,#b79b9c,,#c09ea3,#684d4d,,#f6dde0,#ecd0d2,#dabdbf,#412932,#ddbbbf,#a27c80,#60292e,#c58192,,#ebd8d7,#663c3b,,#d4b6b7,#603c3f,,summer_light
#b797a1,#85657b,,#d6bbbe,#c0a0a5,,#806b7d,#c0a8af,,#cab0b6,#8e7885,,#f6d8da,#f2d4d6,#edcfd0,#e5c6ca,#d0afbc,#b592b4,#d89eb0,#af6d87,,#e6cbce,#b1929b,,#e2c4c7,#a97f97,,summer_light
#d2b7ad,#b5968d,,#be9b8e,#9c7365,,#ac9899,#20161e,,#1a131b,#9d8483,,#f3d7d1,#eacec7,#dcbdb5,#f7ddd9,#f1d6d0,#e6ccc4,#c3677b,#daa1ac,,#ebcdbc,#c2988b,,#e8ccc3,#bc8f86,,summer_light
